Model,Condition,Confidence Threshold,False Negatives,False Negatives Caught,FN Detection Rate,Fallback Rate
Pedestrian,Clean,0.5,346,0,0.0,0.0
Pedestrian,Clean,0.6,346,52,0.15028901734104047,0.09916666666666667
Pedestrian,Clean,0.7,346,94,0.27167630057803466,0.19972222222222222
Pedestrian,Clean,0.8,346,152,0.4393063583815029,0.3386111111111111
Pedestrian,Clean,0.85,346,190,0.5491329479768786,0.42333333333333334
Pedestrian,Clean,0.9,346,241,0.6965317919075145,0.5380555555555555
Pedestrian,Clean,0.95,346,279,0.8063583815028902,0.675
Pedestrian,Clean,0.97,346,301,0.869942196531792,0.7655555555555555
Pedestrian,Clean,0.98,346,312,0.9017341040462428,0.8097222222222222
Pedestrian,Clean,0.99,346,333,0.9624277456647399,0.8786111111111111
Pedestrian,Clean,0.995,346,341,0.9855491329479769,0.9405555555555556
Pedestrian,Blur S1,0.5,516,0,0.0,0.0
Pedestrian,Blur S1,0.6,516,27,0.05232558139534884,0.04638888888888889
Pedestrian,Blur S1,0.7,516,66,0.12790697674418605,0.09527777777777778
Pedestrian,Blur S1,0.8,516,120,0.23255813953488372,0.18388888888888888
Pedestrian,Blur S1,0.85,516,154,0.29844961240310075,0.23055555555555557
Pedestrian,Blur S1,0.9,516,201,0.38953488372093026,0.2936111111111111
Pedestrian,Blur S1,0.95,516,294,0.5697674418604651,0.4241666666666667
Pedestrian,Blur S1,0.97,516,372,0.7209302325581395,0.5458333333333333
Pedestrian,Blur S1,0.98,516,405,0.7848837209302325,0.6558333333333334
Pedestrian,Blur S1,0.99,516,448,0.8682170542635659,0.7783333333333333
Pedestrian,Blur S1,0.995,516,481,0.9321705426356589,0.9036111111111111
Pedestrian,Blur S2,0.5,644,0,0.0,0.0
Pedestrian,Blur S2,0.6,644,9,0.013975155279503106,0.006388888888888889
Pedestrian,Blur S2,0.7,644,22,0.034161490683229816,0.01638888888888889
Pedestrian,Blur S2,0.8,644,39,0.06055900621118013,0.02638888888888889
Pedestrian,Blur S2,0.85,644,55,0.08540372670807453,0.03888888888888889
Pedestrian,Blur S2,0.9,644,79,0.12267080745341614,0.059444444444444446
Pedestrian,Blur S2,0.95,644,121,0.18788819875776397,0.11388888888888889
Pedestrian,Blur S2,0.97,644,190,0.2950310559006211,0.21777777777777776
Pedestrian,Blur S2,0.98,644,234,0.36335403726708076,0.2916666666666667
Pedestrian,Blur S2,0.99,644,401,0.6226708074534162,0.495
Pedestrian,Blur S2,0.995,644,577,0.8959627329192547,0.8383333333333334
Pedestrian,Blur S3,0.5,684,0,0.0,0.0
Pedestrian,Blur S3,0.6,684,5,0.007309941520467836,0.0019444444444444444
Pedestrian,Blur S3,0.7,684,7,0.01023391812865497,0.004166666666666667
Pedestrian,Blur S3,0.8,684,14,0.02046783625730994,0.006666666666666667
Pedestrian,Blur S3,0.85,684,18,0.02631578947368421,0.009444444444444445
Pedestrian,Blur S3,0.9,684,25,0.03654970760233918,0.01361111111111111
Pedestrian,Blur S3,0.95,684,44,0.06432748538011696,0.025277777777777777
Pedestrian,Blur S3,0.97,684,77,0.11257309941520467,0.050555555555555555
Pedestrian,Blur S3,0.98,684,120,0.17543859649122806,0.1225
Pedestrian,Blur S3,0.99,684,306,0.4473684210526316,0.36916666666666664
Pedestrian,Blur S3,0.995,684,611,0.8932748538011696,0.8291666666666667
Pedestrian,Brightness S1,0.5,396,0,0.0,0.0
Pedestrian,Brightness S1,0.6,396,35,0.08838383838383838,0.0913888888888889
Pedestrian,Brightness S1,0.7,396,89,0.22474747474747475,0.17472222222222222
Pedestrian,Brightness S1,0.8,396,148,0.37373737373737376,0.3005555555555556
Pedestrian,Brightness S1,0.85,396,184,0.46464646464646464,0.38166666666666665
Pedestrian,Brightness S1,0.9,396,242,0.6111111111111112,0.49444444444444446
Pedestrian,Brightness S1,0.95,396,306,0.7727272727272727,0.6316666666666667
Pedestrian,Brightness S1,0.97,396,340,0.8585858585858586,0.7241666666666666
Pedestrian,Brightness S1,0.98,396,354,0.8939393939393939,0.7825
Pedestrian,Brightness S1,0.99,396,379,0.9570707070707071,0.8727777777777778
Pedestrian,Brightness S1,0.995,396,390,0.9848484848484849,0.9519444444444445
Pedestrian,Brightness S2,0.5,611,0,0.0,0.0
Pedestrian,Brightness S2,0.6,611,15,0.024549918166939442,0.015555555555555555
Pedestrian,Brightness S2,0.7,611,34,0.05564648117839607,0.030833333333333334
Pedestrian,Brightness S2,0.8,611,63,0.10310965630114566,0.05444444444444444
Pedestrian,Brightness S2,0.85,611,85,0.13911620294599017,0.08055555555555556
Pedestrian,Brightness S2,0.9,611,145,0.23731587561374795,0.13277777777777777
Pedestrian,Brightness S2,0.95,611,230,0.37643207855973815,0.245
Pedestrian,Brightness S2,0.97,611,302,0.49427168576104746,0.3630555555555556
Pedestrian,Brightness S2,0.98,611,423,0.6923076923076923,0.5372222222222223
Pedestrian,Brightness S2,0.99,611,557,0.911620294599018,0.8555555555555555
Pedestrian,Brightness S2,0.995,611,600,0.9819967266775778,0.9786111111111111
Pedestrian,Brightness S3,0.5,700,0,0.0,0.0
Pedestrian,Brightness S3,0.6,700,2,0.002857142857142857,0.0019444444444444444
Pedestrian,Brightness S3,0.7,700,5,0.007142857142857143,0.0033333333333333335
Pedestrian,Brightness S3,0.8,700,12,0.017142857142857144,0.005555555555555556
Pedestrian,Brightness S3,0.85,700,15,0.02142857142857143,0.007222222222222222
Pedestrian,Brightness S3,0.9,700,24,0.03428571428571429,0.011111111111111112
Pedestrian,Brightness S3,0.95,700,57,0.08142857142857143,0.043611111111111114
Pedestrian,Brightness S3,0.97,700,519,0.7414285714285714,0.7022222222222222
Pedestrian,Brightness S3,0.98,700,700,1.0,0.9997222222222222
Pedestrian,Brightness S3,0.99,700,700,1.0,1.0
Pedestrian,Brightness S3,0.995,700,700,1.0,1.0
Pedestrian,Contrast S1,0.5,402,0,0.0,0.0
Pedestrian,Contrast S1,0.6,402,46,0.11442786069651742,0.10305555555555555
Pedestrian,Contrast S1,0.7,402,96,0.23880597014925373,0.20972222222222223
Pedestrian,Contrast S1,0.8,402,175,0.43532338308457713,0.3325
Pedestrian,Contrast S1,0.85,402,215,0.5348258706467661,0.41888888888888887
Pedestrian,Contrast S1,0.9,402,271,0.6741293532338308,0.5383333333333333
Pedestrian,Contrast S1,0.95,402,321,0.7985074626865671,0.6791666666666667
Pedestrian,Contrast S1,0.97,402,342,0.8507462686567164,0.7616666666666667
Pedestrian,Contrast S1,0.98,402,361,0.8980099502487562,0.8163888888888889
Pedestrian,Contrast S1,0.99,402,388,0.9651741293532339,0.8947222222222222
Pedestrian,Contrast S1,0.995,402,400,0.9950248756218906,0.9583333333333334
Pedestrian,Contrast S2,0.5,570,0,0.0,0.0
Pedestrian,Contrast S2,0.6,570,28,0.04912280701754386,0.0375
Pedestrian,Contrast S2,0.7,570,69,0.12105263157894737,0.08138888888888889
Pedestrian,Contrast S2,0.8,570,138,0.24210526315789474,0.16
Pedestrian,Contrast S2,0.85,570,188,0.3298245614035088,0.22305555555555556
Pedestrian,Contrast S2,0.9,570,258,0.45263157894736844,0.345
Pedestrian,Contrast S2,0.95,570,397,0.6964912280701754,0.5530555555555555
Pedestrian,Contrast S2,0.97,570,453,0.7947368421052632,0.6675
Pedestrian,Contrast S2,0.98,570,493,0.8649122807017544,0.7730555555555556
Pedestrian,Contrast S2,0.99,570,542,0.9508771929824561,0.92
Pedestrian,Contrast S2,0.995,570,568,0.9964912280701754,0.9858333333333333
Pedestrian,Contrast S3,0.5,669,0,0.0,0.0
Pedestrian,Contrast S3,0.6,669,10,0.014947683109118086,0.005555555555555556
Pedestrian,Contrast S3,0.7,669,19,0.028400597907324365,0.017222222222222222
Pedestrian,Contrast S3,0.8,669,40,0.059790732436472344,0.034444444444444444
Pedestrian,Contrast S3,0.85,669,56,0.08370702541106129,0.05277777777777778
Pedestrian,Contrast S3,0.9,669,74,0.11061285500747384,0.06888888888888889
Pedestrian,Contrast S3,0.95,669,173,0.2585949177877429,0.16527777777777777
Pedestrian,Contrast S3,0.97,669,360,0.5381165919282511,0.3861111111111111
Pedestrian,Contrast S3,0.98,669,551,0.8236173393124065,0.7230555555555556
Pedestrian,Contrast S3,0.99,669,664,0.992526158445441,0.9825
Pedestrian,Contrast S3,0.995,669,669,1.0,1.0
Pedestrian,Noise S1,0.5,392,0,0.0,0.0
Pedestrian,Noise S1,0.6,392,55,0.14030612244897958,0.10972222222222222
Pedestrian,Noise S1,0.7,392,123,0.3137755102040816,0.2275
Pedestrian,Noise S1,0.8,392,204,0.5204081632653061,0.37916666666666665
Pedestrian,Noise S1,0.85,392,250,0.6377551020408163,0.465
Pedestrian,Noise S1,0.9,392,290,0.7397959183673469,0.5777777777777777
Pedestrian,Noise S1,0.95,392,332,0.8469387755102041,0.7172222222222222
Pedestrian,Noise S1,0.97,392,355,0.9056122448979592,0.7963888888888889
Pedestrian,Noise S1,0.98,392,366,0.9336734693877551,0.8436111111111111
Pedestrian,Noise S1,0.99,392,381,0.9719387755102041,0.9266666666666666
Pedestrian,Noise S1,0.995,392,392,1.0,0.9711111111111111
Pedestrian,Noise S2,0.5,390,0,0.0,0.0
Pedestrian,Noise S2,0.6,390,74,0.18974358974358974,0.1913888888888889
Pedestrian,Noise S2,0.7,390,172,0.441025641025641,0.39944444444444444
Pedestrian,Noise S2,0.8,390,285,0.7307692307692307,0.6391666666666667
Pedestrian,Noise S2,0.85,390,338,0.8666666666666667,0.7630555555555556
Pedestrian,Noise S2,0.9,390,370,0.9487179487179487,0.8661111111111112
Pedestrian,Noise S2,0.95,390,385,0.9871794871794872,0.95
Pedestrian,Noise S2,0.97,390,390,1.0,0.975
Pedestrian,Noise S2,0.98,390,390,1.0,0.9813888888888889
Pedestrian,Noise S2,0.99,390,390,1.0,0.9880555555555556
Pedestrian,Noise S2,0.995,390,390,1.0,0.9919444444444444
Pedestrian,Noise S3,0.5,269,0,0.0,0.0
Pedestrian,Noise S3,0.6,269,101,0.3754646840148699,0.33305555555555555
Pedestrian,Noise S3,0.7,269,203,0.7546468401486989,0.6216666666666667
Pedestrian,Noise S3,0.8,269,257,0.9553903345724907,0.8158333333333333
Pedestrian,Noise S3,0.85,269,268,0.9962825278810409,0.8805555555555555
Pedestrian,Noise S3,0.9,269,269,1.0,0.925
Pedestrian,Noise S3,0.95,269,269,1.0,0.9622222222222222
Pedestrian,Noise S3,0.97,269,269,1.0,0.9741666666666666
Pedestrian,Noise S3,0.98,269,269,1.0,0.9844444444444445
Pedestrian,Noise S3,0.99,269,269,1.0,0.9925
Pedestrian,Noise S3,0.995,269,269,1.0,0.9975
Vehicle,Clean,0.5,94,0,0.0,0.0
Vehicle,Clean,0.6,94,25,0.26595744680851063,0.03888888888888889
Vehicle,Clean,0.7,94,36,0.3829787234042553,0.09833333333333333
Vehicle,Clean,0.8,94,52,0.5531914893617021,0.17277777777777778
Vehicle,Clean,0.85,94,60,0.6382978723404256,0.2086111111111111
Vehicle,Clean,0.9,94,70,0.7446808510638298,0.27194444444444443
Vehicle,Clean,0.95,94,92,0.9787234042553191,0.33444444444444443
Vehicle,Clean,0.97,94,93,0.9893617021276596,0.3641666666666667
Vehicle,Clean,0.98,94,93,0.9893617021276596,0.3958333333333333
Vehicle,Clean,0.99,94,94,1.0,0.43194444444444446
Vehicle,Clean,0.995,94,94,1.0,0.47333333333333333
Vehicle,Blur S1,0.5,857,0,0.0,0.0
Vehicle,Blur S1,0.6,857,88,0.10268378063010501,0.04777777777777778
Vehicle,Blur S1,0.7,857,195,0.22753792298716452,0.11361111111111111
Vehicle,Blur S1,0.8,857,295,0.3442240373395566,0.19361111111111112
Vehicle,Blur S1,0.85,857,346,0.40373395565927656,0.2477777777777778
Vehicle,Blur S1,0.9,857,432,0.5040840140023337,0.3236111111111111
Vehicle,Blur S1,0.95,857,580,0.676779463243874,0.4713888888888889
Vehicle,Blur S1,0.97,857,660,0.7701283547257877,0.5716666666666667
Vehicle,Blur S1,0.98,857,718,0.8378063010501751,0.6397222222222222
Vehicle,Blur S1,0.99,857,785,0.9159859976662778,0.7288888888888889
Vehicle,Blur S1,0.995,857,827,0.9649941656942824,0.8169444444444445
Vehicle,Blur S2,0.5,2345,0,0.0,0.0
Vehicle,Blur S2,0.6,2345,49,0.020895522388059702,0.0275
Vehicle,Blur S2,0.7,2345,118,0.05031982942430704,0.06027777777777778
Vehicle,Blur S2,0.8,2345,190,0.08102345415778252,0.0961111111111111
Vehicle,Blur S2,0.85,2345,258,0.11002132196162047,0.1213888888888889
Vehicle,Blur S2,0.9,2345,347,0.14797441364605543,0.15333333333333332
Vehicle,Blur S2,0.95,2345,666,0.28400852878464816,0.25333333333333335
Vehicle,Blur S2,0.97,2345,914,0.38976545842217486,0.335
Vehicle,Blur S2,0.98,2345,1185,0.5053304904051172,0.42194444444444446
Vehicle,Blur S2,0.99,2345,1610,0.6865671641791045,0.58
Vehicle,Blur S2,0.995,2345,1972,0.8409381663113007,0.7677777777777778
Vehicle,Blur S3,0.5,2611,0,0.0,0.0
Vehicle,Blur S3,0.6,2611,11,0.004212945231711987,0.004722222222222222
Vehicle,Blur S3,0.7,2611,20,0.0076599004212945234,0.008888888888888889
Vehicle,Blur S3,0.8,2611,41,0.015702795863653772,0.015277777777777777
Vehicle,Blur S3,0.85,2611,57,0.021830716200689392,0.020833333333333332
Vehicle,Blur S3,0.9,2611,92,0.035235541937954806,0.03611111111111111
Vehicle,Blur S3,0.95,2611,197,0.07545001914975105,0.07
Vehicle,Blur S3,0.97,2611,284,0.10877058598238223,0.095
Vehicle,Blur S3,0.98,2611,428,0.1639218690157028,0.14055555555555554
Vehicle,Blur S3,0.99,2611,871,0.33358866334737647,0.27416666666666667
Vehicle,Blur S3,0.995,2611,1538,0.5890463423975488,0.51
Vehicle,Brightness S1,0.5,273,0,0.0,0.0
Vehicle,Brightness S1,0.6,273,40,0.14652014652014653,0.06111111111111111
Vehicle,Brightness S1,0.7,273,79,0.2893772893772894,0.12416666666666666
Vehicle,Brightness S1,0.8,273,132,0.4835164835164835,0.2175
Vehicle,Brightness S1,0.85,273,166,0.608058608058608,0.2569444444444444
Vehicle,Brightness S1,0.9,273,194,0.7106227106227107,0.2980555555555556
Vehicle,Brightness S1,0.95,273,228,0.8351648351648352,0.38027777777777777
Vehicle,Brightness S1,0.97,273,253,0.9267399267399268,0.4469444444444444
Vehicle,Brightness S1,0.98,273,266,0.9743589743589743,0.4905555555555556
Vehicle,Brightness S1,0.99,273,273,1.0,0.5652777777777778
Vehicle,Brightness S1,0.995,273,273,1.0,0.6297222222222222
Vehicle,Brightness S2,0.5,1327,0,0.0,0.0
Vehicle,Brightness S2,0.6,1327,126,0.09495101733232857,0.07555555555555556
Vehicle,Brightness S2,0.7,1327,267,0.20120572720422006,0.15611111111111112
Vehicle,Brightness S2,0.8,1327,449,0.3383571966842502,0.25805555555555554
Vehicle,Brightness S2,0.85,1327,569,0.4287867370007536,0.32472222222222225
Vehicle,Brightness S2,0.9,1327,691,0.520723436322532,0.4247222222222222
Vehicle,Brightness S2,0.95,1327,942,0.7098718914845517,0.5938888888888889
Vehicle,Brightness S2,0.97,1327,1103,0.8311981914091937,0.7
Vehicle,Brightness S2,0.98,1327,1195,0.9005275056518462,0.7822222222222223
Vehicle,Brightness S2,0.99,1327,1304,0.9826676714393369,0.8866666666666667
Vehicle,Brightness S2,0.995,1327,1324,0.9977392614920875,0.9380555555555555
Vehicle,Brightness S3,0.5,2660,0,0.0,0.0
Vehicle,Brightness S3,0.6,2660,113,0.0424812030075188,0.03638888888888889
Vehicle,Brightness S3,0.7,2660,634,0.23834586466165414,0.19111111111111112
Vehicle,Brightness S3,0.8,2660,1598,0.6007518796992481,0.5388888888888889
Vehicle,Brightness S3,0.85,2660,2120,0.7969924812030075,0.72
Vehicle,Brightness S3,0.9,2660,2444,0.9187969924812031,0.8677777777777778
Vehicle,Brightness S3,0.95,2660,2652,0.9969924812030075,0.9886111111111111
Vehicle,Brightness S3,0.97,2660,2659,0.999624060150376,0.9988888888888889
Vehicle,Brightness S3,0.98,2660,2660,1.0,1.0
Vehicle,Brightness S3,0.99,2660,2660,1.0,1.0
Vehicle,Brightness S3,0.995,2660,2660,1.0,1.0
Vehicle,Contrast S1,0.5,134,0,0.0,0.0
Vehicle,Contrast S1,0.6,134,26,0.19402985074626866,0.06416666666666666
Vehicle,Contrast S1,0.7,134,58,0.43283582089552236,0.13027777777777777
Vehicle,Contrast S1,0.8,134,81,0.6044776119402985,0.19083333333333333
Vehicle,Contrast S1,0.85,134,93,0.6940298507462687,0.23416666666666666
Vehicle,Contrast S1,0.9,134,107,0.7985074626865671,0.3055555555555556
Vehicle,Contrast S1,0.95,134,129,0.9626865671641791,0.3786111111111111
Vehicle,Contrast S1,0.97,134,133,0.9925373134328358,0.41583333333333333
Vehicle,Contrast S1,0.98,134,133,0.9925373134328358,0.45111111111111113
Vehicle,Contrast S1,0.99,134,134,1.0,0.5022222222222222
Vehicle,Contrast S1,0.995,134,134,1.0,0.5669444444444445
Vehicle,Contrast S2,0.5,531,0,0.0,0.0
Vehicle,Contrast S2,0.6,531,109,0.20527306967984935,0.08833333333333333
Vehicle,Contrast S2,0.7,531,200,0.3766478342749529,0.1836111111111111
Vehicle,Contrast S2,0.8,531,301,0.5668549905838042,0.30277777777777776
Vehicle,Contrast S2,0.85,531,385,0.7250470809792844,0.40166666666666667
Vehicle,Contrast S2,0.9,531,453,0.8531073446327684,0.5094444444444445
Vehicle,Contrast S2,0.95,531,506,0.9529190207156308,0.6327777777777778
Vehicle,Contrast S2,0.97,531,523,0.9849340866290018,0.7086111111111111
Vehicle,Contrast S2,0.98,531,528,0.9943502824858758,0.7680555555555556
Vehicle,Contrast S2,0.99,531,531,1.0,0.8369444444444445
Vehicle,Contrast S2,0.995,531,531,1.0,0.8838888888888888
Vehicle,Contrast S3,0.5,2373,0,0.0,0.0
Vehicle,Contrast S3,0.6,2373,112,0.0471976401179941,0.05388888888888889
Vehicle,Contrast S3,0.7,2373,265,0.11167298777918247,0.11333333333333333
Vehicle,Contrast S3,0.8,2373,568,0.23935946059839866,0.21166666666666667
Vehicle,Contrast S3,0.85,2373,793,0.33417614833544035,0.2872222222222222
Vehicle,Contrast S3,0.9,2373,1318,0.5554150863885378,0.4625
Vehicle,Contrast S3,0.95,2373,2183,0.9199325747998315,0.8297222222222222
Vehicle,Contrast S3,0.97,2373,2338,0.9852507374631269,0.9541666666666667
Vehicle,Contrast S3,0.98,2373,2364,0.9962073324905183,0.9786111111111111
Vehicle,Contrast S3,0.99,2373,2373,1.0,0.9944444444444445
Vehicle,Contrast S3,0.995,2373,2373,1.0,0.9969444444444444
Vehicle,Noise S1,0.5,29,0,0.0,0.0
Vehicle,Noise S1,0.6,29,8,0.27586206896551724,0.02638888888888889
Vehicle,Noise S1,0.7,29,14,0.4827586206896552,0.05555555555555555
Vehicle,Noise S1,0.8,29,24,0.8275862068965517,0.10861111111111112
Vehicle,Noise S1,0.85,29,27,0.9310344827586207,0.15638888888888888
Vehicle,Noise S1,0.9,29,28,0.9655172413793104,0.22027777777777777
Vehicle,Noise S1,0.95,29,28,0.9655172413793104,0.3088888888888889
Vehicle,Noise S1,0.97,29,29,1.0,0.34805555555555556
Vehicle,Noise S1,0.98,29,29,1.0,0.37555555555555553
Vehicle,Noise S1,0.99,29,29,1.0,0.4280555555555556
Vehicle,Noise S1,0.995,29,29,1.0,0.46944444444444444
Vehicle,Noise S2,0.5,0,0,0.0,0.0
Vehicle,Noise S2,0.6,0,0,0.0,0.0
Vehicle,Noise S2,0.7,0,0,0.0,0.0
Vehicle,Noise S2,0.8,0,0,0.0,0.0
Vehicle,Noise S2,0.85,0,0,0.0,0.0
Vehicle,Noise S2,0.9,0,0,0.0,0.0002777777777777778
Vehicle,Noise S2,0.95,0,0,0.0,0.051111111111111114
Vehicle,Noise S2,0.97,0,0,0.0,0.29
Vehicle,Noise S2,0.98,0,0,0.0,0.4083333333333333
Vehicle,Noise S2,0.99,0,0,0.0,0.5405555555555556
Vehicle,Noise S2,0.995,0,0,0.0,0.65
Vehicle,Noise S3,0.5,0,0,0.0,0.0
Vehicle,Noise S3,0.6,0,0,0.0,0.0
Vehicle,Noise S3,0.7,0,0,0.0,0.0
Vehicle,Noise S3,0.8,0,0,0.0,0.0
Vehicle,Noise S3,0.85,0,0,0.0,0.0
Vehicle,Noise S3,0.9,0,0,0.0,0.0
Vehicle,Noise S3,0.95,0,0,0.0,0.001388888888888889
Vehicle,Noise S3,0.97,0,0,0.0,0.6152777777777778
Vehicle,Noise S3,0.98,0,0,0.0,0.8077777777777778
Vehicle,Noise S3,0.99,0,0,0.0,0.9272222222222222
Vehicle,Noise S3,0.995,0,0,0.0,0.9619444444444445
Traffic Light,Clean,0.5,41,0,0.0,0.0
Traffic Light,Clean,0.6,41,3,0.07317073170731707,0.004722222222222222
Traffic Light,Clean,0.7,41,10,0.24390243902439024,0.01138888888888889
Traffic Light,Clean,0.8,41,19,0.4634146341463415,0.02277777777777778
Traffic Light,Clean,0.85,41,23,0.5609756097560976,0.0325
Traffic Light,Clean,0.9,41,26,0.6341463414634146,0.041666666666666664
Traffic Light,Clean,0.95,41,33,0.8048780487804879,0.06666666666666667
Traffic Light,Clean,0.97,41,36,0.8780487804878049,0.08166666666666667
Traffic Light,Clean,0.98,41,36,0.8780487804878049,0.095
Traffic Light,Clean,0.99,41,37,0.9024390243902439,0.11555555555555555
Traffic Light,Clean,0.995,41,37,0.9024390243902439,0.145
Traffic Light,Blur S1,0.5,100,0,0.0,0.0
Traffic Light,Blur S1,0.6,100,16,0.16,0.016944444444444446
Traffic Light,Blur S1,0.7,100,30,0.3,0.029444444444444443
Traffic Light,Blur S1,0.8,100,43,0.43,0.04722222222222222
Traffic Light,Blur S1,0.85,100,49,0.49,0.06388888888888888
Traffic Light,Blur S1,0.9,100,58,0.58,0.07916666666666666
Traffic Light,Blur S1,0.95,100,71,0.71,0.11777777777777777
Traffic Light,Blur S1,0.97,100,80,0.8,0.16083333333333333
Traffic Light,Blur S1,0.98,100,87,0.87,0.19111111111111112
Traffic Light,Blur S1,0.99,100,93,0.93,0.25027777777777777
Traffic Light,Blur S1,0.995,100,94,0.94,0.3
Traffic Light,Blur S2,0.5,1621,0,0.0,0.0
Traffic Light,Blur S2,0.6,1621,158,0.09747069710055521,0.09833333333333333
Traffic Light,Blur S2,0.7,1621,350,0.215916101172116,0.19194444444444445
Traffic Light,Blur S2,0.8,1621,662,0.4083898827884022,0.3269444444444444
Traffic Light,Blur S2,0.85,1621,814,0.5021591610117212,0.4036111111111111
Traffic Light,Blur S2,0.9,1621,1025,0.6323257248611968,0.4905555555555556
Traffic Light,Blur S2,0.95,1621,1283,0.7914867365823566,0.6055555555555555
Traffic Light,Blur S2,0.97,1621,1374,0.8476249228871067,0.6613888888888889
Traffic Light,Blur S2,0.98,1621,1410,0.8698334361505243,0.685
Traffic Light,Blur S2,0.99,1621,1482,0.9142504626773597,0.7408333333333333
Traffic Light,Blur S2,0.995,1621,1518,0.9364589759407773,0.7825
Traffic Light,Blur S3,0.5,2497,0,0.0,0.0
Traffic Light,Blur S3,0.6,2497,31,0.012414897877452943,0.015277777777777777
Traffic Light,Blur S3,0.7,2497,65,0.026031237484981977,0.03027777777777778
Traffic Light,Blur S3,0.8,2497,156,0.062474969963956746,0.06
Traffic Light,Blur S3,0.85,2497,310,0.12414897877452943,0.10722222222222222
Traffic Light,Blur S3,0.9,2497,522,0.2090508610332399,0.1713888888888889
Traffic Light,Blur S3,0.95,2497,1278,0.5118141770124149,0.39444444444444443
Traffic Light,Blur S3,0.97,2497,1699,0.6804164997997597,0.5377777777777778
Traffic Light,Blur S3,0.98,2497,1928,0.7721265518622347,0.6275
Traffic Light,Blur S3,0.99,2497,2216,0.8874649579495395,0.7636111111111111
Traffic Light,Blur S3,0.995,2497,2386,0.9555466559871846,0.8555555555555555
Traffic Light,Brightness S1,0.5,81,0,0.0,0.0
Traffic Light,Brightness S1,0.6,81,6,0.07407407407407407,0.01
Traffic Light,Brightness S1,0.7,81,15,0.18518518518518517,0.025555555555555557
Traffic Light,Brightness S1,0.8,81,29,0.35802469135802467,0.041944444444444444
Traffic Light,Brightness S1,0.85,81,35,0.43209876543209874,0.05
Traffic Light,Brightness S1,0.9,81,37,0.4567901234567901,0.0625
Traffic Light,Brightness S1,0.95,81,50,0.6172839506172839,0.08694444444444445
Traffic Light,Brightness S1,0.97,81,58,0.7160493827160493,0.10861111111111112
Traffic Light,Brightness S1,0.98,81,65,0.8024691358024691,0.12944444444444445
Traffic Light,Brightness S1,0.99,81,68,0.8395061728395061,0.16361111111111112
Traffic Light,Brightness S1,0.995,81,75,0.9259259259259259,0.21888888888888888
Traffic Light,Brightness S2,0.5,2567,0,0.0,0.0
Traffic Light,Brightness S2,0.6,2567,6,0.002337358784573432,0.0030555555555555557
Traffic Light,Brightness S2,0.7,2567,11,0.004285157771717959,0.004722222222222222
Traffic Light,Brightness S2,0.8,2567,27,0.010518114530580444,0.01
Traffic Light,Brightness S2,0.85,2567,41,0.01597195169458512,0.014444444444444444
Traffic Light,Brightness S2,0.9,2567,69,0.026879626022594468,0.02361111111111111
Traffic Light,Brightness S2,0.95,2567,276,0.10751850409037787,0.08166666666666667
Traffic Light,Brightness S2,0.97,2567,579,0.22555512271133618,0.17194444444444446
Traffic Light,Brightness S2,0.98,2567,825,0.3213868328788469,0.24694444444444444
Traffic Light,Brightness S2,0.99,2567,1271,0.4951305025321387,0.37333333333333335
Traffic Light,Brightness S2,0.995,2567,1751,0.6821192052980133,0.5147222222222222
Traffic Light,Brightness S3,0.5,2584,0,0.0,0.0
Traffic Light,Brightness S3,0.6,2584,0,0.0,0.0
Traffic Light,Brightness S3,0.7,2584,0,0.0,0.0
Traffic Light,Brightness S3,0.8,2584,0,0.0,0.0
Traffic Light,Brightness S3,0.85,2584,0,0.0,0.0
Traffic Light,Brightness S3,0.9,2584,0,0.0,0.0
Traffic Light,Brightness S3,0.95,2584,0,0.0,0.0
Traffic Light,Brightness S3,0.97,2584,0,0.0,0.0
Traffic Light,Brightness S3,0.98,2584,0,0.0,0.0
Traffic Light,Brightness S3,0.99,2584,28,0.010835913312693499,0.008611111111111111
Traffic Light,Brightness S3,0.995,2584,976,0.37770897832817335,0.32222222222222224
Traffic Light,Contrast S1,0.5,46,0,0.0,0.0
Traffic Light,Contrast S1,0.6,46,5,0.10869565217391304,0.009166666666666667
Traffic Light,Contrast S1,0.7,46,9,0.1956521739130435,0.018333333333333333
Traffic Light,Contrast S1,0.8,46,16,0.34782608695652173,0.028055555555555556
Traffic Light,Contrast S1,0.85,46,20,0.43478260869565216,0.035833333333333335
Traffic Light,Contrast S1,0.9,46,27,0.5869565217391305,0.04611111111111111
Traffic Light,Contrast S1,0.95,46,35,0.7608695652173914,0.07916666666666666
Traffic Light,Contrast S1,0.97,46,39,0.8478260869565217,0.09472222222222222
Traffic Light,Contrast S1,0.98,46,41,0.8913043478260869,0.11555555555555555
Traffic Light,Contrast S1,0.99,46,42,0.9130434782608695,0.14472222222222222
Traffic Light,Contrast S1,0.995,46,42,0.9130434782608695,0.175
Traffic Light,Contrast S2,0.5,115,0,0.0,0.0
Traffic Light,Contrast S2,0.6,115,30,0.2608695652173913,0.02361111111111111
Traffic Light,Contrast S2,0.7,115,39,0.3391304347826087,0.05416666666666667
Traffic Light,Contrast S2,0.8,115,58,0.5043478260869565,0.08722222222222223
Traffic Light,Contrast S2,0.85,115,71,0.6173913043478261,0.10722222222222222
Traffic Light,Contrast S2,0.9,115,80,0.6956521739130435,0.14027777777777778
Traffic Light,Contrast S2,0.95,115,94,0.8173913043478261,0.2075
Traffic Light,Contrast S2,0.97,115,106,0.9217391304347826,0.26805555555555555
Traffic Light,Contrast S2,0.98,115,109,0.9478260869565217,0.31777777777777777
Traffic Light,Contrast S2,0.99,115,111,0.9652173913043478,0.4113888888888889
Traffic Light,Contrast S2,0.995,115,113,0.9826086956521739,0.5358333333333334
Traffic Light,Contrast S3,0.5,1822,0,0.0,0.0
Traffic Light,Contrast S3,0.6,1822,343,0.18825466520307355,0.17472222222222222
Traffic Light,Contrast S3,0.7,1822,785,0.4308452250274424,0.3408333333333333
Traffic Light,Contrast S3,0.8,1822,1192,0.6542261251372119,0.5030555555555556
Traffic Light,Contrast S3,0.85,1822,1434,0.7870472008781558,0.6025
Traffic Light,Contrast S3,0.9,1822,1671,0.9171240395170143,0.7013888888888888
Traffic Light,Contrast S3,0.95,1822,1786,0.9802414928649835,0.8372222222222222
Traffic Light,Contrast S3,0.97,1822,1809,0.9928649835345774,0.9094444444444445
Traffic Light,Contrast S3,0.98,1822,1821,0.9994511525795828,0.945
Traffic Light,Contrast S3,0.99,1822,1822,1.0,0.9730555555555556
Traffic Light,Contrast S3,0.995,1822,1822,1.0,0.9844444444444445
Traffic Light,Noise S1,0.5,37,0,0.0,0.0
Traffic Light,Noise S1,0.6,37,5,0.13513513513513514,0.008888888888888889
Traffic Light,Noise S1,0.7,37,10,0.2702702702702703,0.01888888888888889
Traffic Light,Noise S1,0.8,37,18,0.4864864864864865,0.035
Traffic Light,Noise S1,0.85,37,21,0.5675675675675675,0.04694444444444444
Traffic Light,Noise S1,0.9,37,27,0.7297297297297297,0.06138888888888889
Traffic Light,Noise S1,0.95,37,30,0.8108108108108109,0.08222222222222222
Traffic Light,Noise S1,0.97,37,31,0.8378378378378378,0.10361111111111111
Traffic Light,Noise S1,0.98,37,32,0.8648648648648649,0.12027777777777778
Traffic Light,Noise S1,0.99,37,33,0.8918918918918919,0.14527777777777778
Traffic Light,Noise S1,0.995,37,35,0.9459459459459459,0.17777777777777778
Traffic Light,Noise S2,0.5,36,0,0.0,0.0
Traffic Light,Noise S2,0.6,36,5,0.1388888888888889,0.020833333333333332
Traffic Light,Noise S2,0.7,36,14,0.3888888888888889,0.0425
Traffic Light,Noise S2,0.8,36,20,0.5555555555555556,0.06833333333333333
Traffic Light,Noise S2,0.85,36,21,0.5833333333333334,0.08333333333333333
Traffic Light,Noise S2,0.9,36,26,0.7222222222222222,0.10944444444444444
Traffic Light,Noise S2,0.95,36,30,0.8333333333333334,0.15138888888888888
Traffic Light,Noise S2,0.97,36,33,0.9166666666666666,0.17944444444444443
Traffic Light,Noise S2,0.98,36,34,0.9444444444444444,0.20472222222222222
Traffic Light,Noise S2,0.99,36,36,1.0,0.2375
Traffic Light,Noise S2,0.995,36,36,1.0,0.27666666666666667
Traffic Light,Noise S3,0.5,74,0,0.0,0.0
Traffic Light,Noise S3,0.6,74,21,0.28378378378378377,0.04083333333333333
Traffic Light,Noise S3,0.7,74,45,0.6081081081081081,0.09166666666666666
Traffic Light,Noise S3,0.8,74,58,0.7837837837837838,0.1527777777777778
Traffic Light,Noise S3,0.85,74,62,0.8378378378378378,0.18666666666666668
Traffic Light,Noise S3,0.9,74,65,0.8783783783783784,0.23027777777777778
Traffic Light,Noise S3,0.95,74,71,0.9594594594594594,0.3038888888888889
Traffic Light,Noise S3,0.97,74,74,1.0,0.355
Traffic Light,Noise S3,0.98,74,74,1.0,0.39861111111111114
Traffic Light,Noise S3,0.99,74,74,1.0,0.4702777777777778
Traffic Light,Noise S3,0.995,74,74,1.0,0.5438888888888889
