Model,Condition,Threshold,Recall,Precision,F1,TP,FN,FP,TN,Clean Recall,Recall Drop,Envelope Met
Pedestrian,Clean,0.01,0.9815864022662889,0.20961887477313976,0.3454636091724826,693,13,2613,281,0.9815864022662889,0.0,True
Pedestrian,Clean,0.05,0.9050991501416431,0.238166231830041,0.37710239008557095,639,67,2044,850,0.9050991501416431,0.0,True
Pedestrian,Clean,0.1,0.8512747875354107,0.2631348511383538,0.40200668896321073,601,105,1683,1211,0.8512747875354107,0.0,True
Pedestrian,Clean,0.2,0.7252124645892352,0.2952710495963091,0.4196721311475409,512,194,1222,1672,0.7252124645892352,0.0,True
Pedestrian,Clean,0.3,0.6430594900849859,0.3229018492176387,0.42992424242424243,454,252,952,1942,0.6430594900849859,0.0,True
Pedestrian,Clean,0.4,0.5835694050991501,0.3379819524200164,0.428051948051948,412,294,807,2087,0.5835694050991501,0.0,True
Pedestrian,Clean,0.5,0.509915014164306,0.34782608695652173,0.41355542791499134,360,346,675,2219,0.509915014164306,0.0,True
Pedestrian,Clean,0.6,0.45609065155807366,0.37354988399071926,0.4107142857142857,322,384,540,2354,0.45609065155807366,0.0,True
Pedestrian,Clean,0.7,0.4093484419263456,0.42066957787481807,0.41493180186647527,289,417,398,2496,0.4093484419263456,0.0,True
Pedestrian,Clean,0.8,0.35410764872521244,0.4854368932038835,0.40950040950040956,250,456,265,2629,0.35410764872521244,0.0,True
Pedestrian,Clean,0.9,0.2776203966005666,0.5648414985590778,0.37226970560303896,196,510,151,2743,0.2776203966005666,0.0,True
Pedestrian,Blur S1,0.01,0.9036827195467422,0.2232330300909727,0.35802469135802467,638,68,2220,674,0.9815864022662889,0.07790368271954673,True
Pedestrian,Blur S1,0.05,0.6855524079320113,0.29987608426270135,0.41724137931034483,484,222,1130,1764,0.9050991501416431,0.21954674220963177,False
Pedestrian,Blur S1,0.1,0.5538243626062322,0.33418803418803417,0.4168443496801706,391,315,779,2115,0.8512747875354107,0.2974504249291785,False
Pedestrian,Blur S1,0.2,0.43909348441926344,0.3785103785103785,0.40655737704918027,310,396,509,2385,0.7252124645892352,0.2861189801699717,False
Pedestrian,Blur S1,0.3,0.3626062322946176,0.45796064400715564,0.40474308300395256,256,450,303,2591,0.6430594900849859,0.2804532577903683,False
Pedestrian,Blur S1,0.4,0.3073654390934844,0.49430523917995445,0.37903930131004365,217,489,222,2672,0.5835694050991501,0.2762039660056657,False
Pedestrian,Blur S1,0.5,0.26912181303116145,0.5555555555555556,0.36259541984732824,190,516,152,2742,0.509915014164306,0.2407932011331445,False
Pedestrian,Blur S1,0.6,0.24220963172804533,0.6286764705882353,0.3496932515337423,171,535,101,2793,0.45609065155807366,0.21388101983002833,False
Pedestrian,Blur S1,0.7,0.21246458923512748,0.6944444444444444,0.32537960954446854,150,556,66,2828,0.4093484419263456,0.19688385269121814,False
Pedestrian,Blur S1,0.8,0.16997167138810199,0.7643312101910829,0.27809965237543455,120,586,37,2857,0.35410764872521244,0.18413597733711046,False
Pedestrian,Blur S1,0.9,0.13456090651558072,0.8407079646017699,0.23199023199023197,95,611,18,2876,0.2776203966005666,0.14305949008498586,False
Pedestrian,Blur S2,0.01,0.6558073654390935,0.2575083426028921,0.3698083067092652,463,243,1335,1559,0.9815864022662889,0.32577903682719545,False
Pedestrian,Blur S2,0.05,0.25920679886685555,0.4168564920273349,0.3196506550218341,183,523,256,2638,0.9050991501416431,0.6458923512747876,False
Pedestrian,Blur S2,0.1,0.19971671388101983,0.573170731707317,0.296218487394958,141,565,105,2789,0.8512747875354107,0.6515580736543909,False
Pedestrian,Blur S2,0.2,0.14305949008498584,0.7372262773722628,0.23962040332147092,101,605,36,2858,0.7252124645892352,0.5821529745042493,False
Pedestrian,Blur S2,0.3,0.11898016997167139,0.7924528301886793,0.20689655172413793,84,622,22,2872,0.6430594900849859,0.5240793201133145,False
Pedestrian,Blur S2,0.4,0.10056657223796034,0.8554216867469879,0.1799746514575412,71,635,12,2882,0.5835694050991501,0.4830028328611898,False
Pedestrian,Blur S2,0.5,0.08781869688385269,0.8732394366197183,0.15958815958815958,62,644,9,2885,0.509915014164306,0.42209631728045327,False
Pedestrian,Blur S2,0.6,0.07790368271954674,0.9166666666666666,0.14360313315926895,55,651,5,2889,0.45609065155807366,0.3781869688385269,False
Pedestrian,Blur S2,0.7,0.06657223796033994,1.0,0.12483399734395749,47,659,0,2894,0.4093484419263456,0.34277620396600567,False
Pedestrian,Blur S2,0.8,0.059490084985835696,1.0,0.11229946524064172,42,664,0,2894,0.35410764872521244,0.29461756373937675,False
Pedestrian,Blur S2,0.9,0.0453257790368272,1.0,0.0867208672086721,32,674,0,2894,0.2776203966005666,0.2322946175637394,False
Pedestrian,Blur S3,0.01,0.46458923512747874,0.24661654135338346,0.32220039292730845,328,378,1002,1892,0.9815864022662889,0.5169971671388102,False
Pedestrian,Blur S3,0.05,0.09348441926345609,0.673469387755102,0.16417910447761194,66,640,32,2862,0.9050991501416431,0.811614730878187,False
Pedestrian,Blur S3,0.1,0.06657223796033994,0.8103448275862069,0.12303664921465968,47,659,11,2883,0.8512747875354107,0.7847025495750708,False
Pedestrian,Blur S3,0.2,0.05099150141643059,0.9473684210526315,0.0967741935483871,36,670,2,2892,0.7252124645892352,0.6742209631728046,False
Pedestrian,Blur S3,0.3,0.04107648725212465,1.0,0.07891156462585033,29,677,0,2894,0.6430594900849859,0.6019830028328612,False
Pedestrian,Blur S3,0.4,0.03824362606232295,1.0,0.07366984993178718,27,679,0,2894,0.5835694050991501,0.5453257790368272,False
Pedestrian,Blur S3,0.5,0.031161473087818695,1.0,0.06043956043956044,22,684,0,2894,0.509915014164306,0.47875354107648727,False
Pedestrian,Blur S3,0.6,0.028328611898016998,1.0,0.055096418732782364,20,686,0,2894,0.45609065155807366,0.42776203966005666,False
Pedestrian,Blur S3,0.7,0.019830028328611898,1.0,0.03888888888888889,14,692,0,2894,0.4093484419263456,0.3895184135977337,False
Pedestrian,Blur S3,0.8,0.019830028328611898,1.0,0.03888888888888889,14,692,0,2894,0.35410764872521244,0.3342776203966005,False
Pedestrian,Blur S3,0.9,0.012747875354107648,1.0,0.025174825174825173,9,697,0,2894,0.2776203966005666,0.26487252124645894,False
Pedestrian,Brightness S1,0.01,0.9759206798866855,0.21154436598096407,0.34771637648246273,689,17,2568,326,0.9815864022662889,0.005665722379603388,True
Pedestrian,Brightness S1,0.05,0.8725212464589235,0.25101874490627546,0.389873417721519,616,90,1838,1056,0.9050991501416431,0.03257790368271962,True
Pedestrian,Brightness S1,0.1,0.7818696883852692,0.2739454094292804,0.4057331863285557,552,154,1463,1431,0.8512747875354107,0.06940509915014159,True
Pedestrian,Brightness S1,0.2,0.6487252124645893,0.3184979137691238,0.4272388059701493,458,248,980,1914,0.7252124645892352,0.07648725212464591,True
Pedestrian,Brightness S1,0.3,0.5651558073654391,0.36141304347826086,0.4408839779005525,399,307,705,2189,0.6430594900849859,0.07790368271954673,True
Pedestrian,Brightness S1,0.4,0.4886685552407932,0.3799559471365639,0.42750929368029744,345,361,563,2331,0.5835694050991501,0.0949008498583569,True
Pedestrian,Brightness S1,0.5,0.43909348441926344,0.4252400548696845,0.4320557491289199,310,396,419,2475,0.509915014164306,0.07082152974504252,True
Pedestrian,Brightness S1,0.6,0.3937677053824363,0.48013816925734026,0.4326848249027238,278,428,301,2593,0.45609065155807366,0.062322946175637384,True
Pedestrian,Brightness S1,0.7,0.3555240793201133,0.5284210526315789,0.4250635055038103,251,455,224,2670,0.4093484419263456,0.0538243626062323,True
Pedestrian,Brightness S1,0.8,0.29178470254957506,0.5786516853932584,0.38794726930320156,206,500,150,2744,0.35410764872521244,0.062322946175637384,True
Pedestrian,Brightness S1,0.9,0.21671388101983002,0.6510638297872341,0.32518597236981933,153,553,82,2812,0.2776203966005666,0.060906515580736564,True
Pedestrian,Brightness S2,0.01,0.9235127478753541,0.2103225806451613,0.34261692065160276,652,54,2448,446,0.9815864022662889,0.058073654390934815,True
Pedestrian,Brightness S2,0.05,0.4603399433427762,0.35135135135135137,0.39852851011649293,325,381,600,2294,0.9050991501416431,0.4447592067988669,False
Pedestrian,Brightness S2,0.1,0.33994334277620397,0.4485981308411215,0.386784850926672,240,466,295,2599,0.8512747875354107,0.5113314447592068,False
Pedestrian,Brightness S2,0.2,0.2237960339943343,0.5745454545454546,0.3221202854230378,158,548,117,2777,0.7252124645892352,0.5014164305949009,False
Pedestrian,Brightness S2,0.3,0.18271954674220964,0.6323529411764706,0.28351648351648356,129,577,75,2819,0.6430594900849859,0.4603399433427762,False
Pedestrian,Brightness S2,0.4,0.1558073654390935,0.6395348837209303,0.2505694760820045,110,596,62,2832,0.5835694050991501,0.42776203966005666,False
Pedestrian,Brightness S2,0.5,0.13456090651558072,0.6785714285714286,0.22458628841607564,95,611,45,2849,0.509915014164306,0.37535410764872523,False
Pedestrian,Brightness S2,0.6,0.12181303116147309,0.7413793103448276,0.20924574209245742,86,620,30,2864,0.45609065155807366,0.3342776203966006,False
Pedestrian,Brightness S2,0.7,0.11048158640226628,0.8387096774193549,0.19524405506883605,78,628,15,2879,0.4093484419263456,0.2988668555240793,False
Pedestrian,Brightness S2,0.8,0.09490084985835694,0.8481012658227848,0.17070063694267515,67,639,12,2882,0.35410764872521244,0.2592067988668555,False
Pedestrian,Brightness S2,0.9,0.07790368271954674,0.9649122807017544,0.14416775884665792,55,651,2,2892,0.2776203966005666,0.19971671388101986,False
Pedestrian,Brightness S3,0.01,1.0,0.19611111111111112,0.32791453785415703,706,0,2894,0,0.9815864022662889,-0.018413597733711096,True
Pedestrian,Brightness S3,0.05,0.08923512747875353,0.4012738853503185,0.14600231749710313,63,643,94,2800,0.9050991501416431,0.8158640226628896,False
Pedestrian,Brightness S3,0.1,0.042492917847025496,0.75,0.08042895442359249,30,676,10,2884,0.8512747875354107,0.8087818696883853,False
Pedestrian,Brightness S3,0.2,0.025495750708215296,0.8571428571428571,0.04951856946354883,18,688,3,2891,0.7252124645892352,0.6997167138810199,False
Pedestrian,Brightness S3,0.3,0.015580736543909348,0.8461538461538461,0.030598052851182198,11,695,2,2892,0.6430594900849859,0.6274787535410765,False
Pedestrian,Brightness S3,0.4,0.0113314447592068,0.8888888888888888,0.022377622377622378,8,698,1,2893,0.5835694050991501,0.5722379603399433,False
Pedestrian,Brightness S3,0.5,0.0084985835694051,0.8571428571428571,0.01683029453015428,6,700,1,2893,0.509915014164306,0.5014164305949008,False
Pedestrian,Brightness S3,0.6,0.0028328611898017,1.0,0.005649717514124295,2,704,0,2894,0.45609065155807366,0.45325779036827196,False
Pedestrian,Brightness S3,0.7,0.00141643059490085,1.0,0.002828854314002829,1,705,0,2894,0.4093484419263456,0.40793201133144474,False
Pedestrian,Brightness S3,0.8,0.00141643059490085,1.0,0.002828854314002829,1,705,0,2894,0.35410764872521244,0.35269121813031157,False
Pedestrian,Brightness S3,0.9,0.0,0.0,0.0,0,706,0,2894,0.2776203966005666,0.2776203966005666,False
Pedestrian,Contrast S1,0.01,0.9801699716713881,0.2088111044055522,0.34427860696517415,692,14,2622,272,0.9815864022662889,0.0014164305949008194,True
Pedestrian,Contrast S1,0.05,0.8852691218130312,0.23891437308868502,0.37627934978928357,625,81,1991,903,0.9050991501416431,0.019830028328611915,True
Pedestrian,Contrast S1,0.1,0.8144475920679887,0.26400367309458217,0.39875173370319,575,131,1603,1291,0.8512747875354107,0.03682719546742208,True
Pedestrian,Contrast S1,0.2,0.6784702549575071,0.3086340206185567,0.4242692648361382,479,227,1073,1821,0.7252124645892352,0.04674220963172804,True
Pedestrian,Contrast S1,0.3,0.56657223796034,0.32441200324412,0.41258380608561107,400,306,833,2061,0.6430594900849859,0.07648725212464591,True
Pedestrian,Contrast S1,0.4,0.49575070821529743,0.35714285714285715,0.41518386714116245,350,356,630,2264,0.5835694050991501,0.08781869688385269,True
Pedestrian,Contrast S1,0.5,0.43059490084985835,0.4021164021164021,0.41586867305061553,304,402,452,2442,0.509915014164306,0.0793201133144476,True
Pedestrian,Contrast S1,0.6,0.38243626062322944,0.4433497536945813,0.4106463878326996,270,436,339,2555,0.45609065155807366,0.07365439093484422,True
Pedestrian,Contrast S1,0.7,0.3271954674220963,0.48326359832635984,0.3902027027027027,231,475,247,2647,0.4093484419263456,0.0821529745042493,True
Pedestrian,Contrast S1,0.8,0.26770538243626063,0.532394366197183,0.35626767200754006,189,517,166,2728,0.35410764872521244,0.08640226628895181,True
Pedestrian,Contrast S1,0.9,0.21813031161473087,0.6416666666666667,0.32558139534883723,154,552,86,2808,0.2776203966005666,0.05949008498583572,True
Pedestrian,Contrast S2,0.01,0.9603399433427762,0.20335932813437313,0.33564356435643566,678,28,2656,238,0.9815864022662889,0.021246458923512734,True
Pedestrian,Contrast S2,0.05,0.7549575070821529,0.2612745098039216,0.38820101966496723,533,173,1507,1387,0.9050991501416431,0.15014164305949018,False
Pedestrian,Contrast S2,0.1,0.5580736543909348,0.3016845329249617,0.3916500994035785,394,312,912,1982,0.8512747875354107,0.29320113314447593,False
Pedestrian,Contrast S2,0.2,0.3881019830028329,0.4157814871016692,0.4014652014652015,274,432,385,2509,0.7252124645892352,0.3371104815864023,False
Pedestrian,Contrast S2,0.3,0.29036827195467424,0.5099502487562189,0.3700361010830324,205,501,197,2697,0.6430594900849859,0.3526912181303116,False
Pedestrian,Contrast S2,0.4,0.23229461756373937,0.5616438356164384,0.3286573146292585,164,542,128,2766,0.5835694050991501,0.35127478753541075,False
Pedestrian,Contrast S2,0.5,0.19263456090651557,0.5938864628820961,0.2909090909090909,136,570,93,2801,0.509915014164306,0.3172804532577904,False
Pedestrian,Contrast S2,0.6,0.1671388101983003,0.7515923566878981,0.27346465816917737,118,588,39,2855,0.45609065155807366,0.28895184135977336,False
Pedestrian,Contrast S2,0.7,0.12889518413597734,0.8348623853211009,0.22331288343558284,91,615,18,2876,0.4093484419263456,0.2804532577903683,False
Pedestrian,Contrast S2,0.8,0.1048158640226629,0.891566265060241,0.18757921419518378,74,632,9,2885,0.35410764872521244,0.24929178470254953,False
Pedestrian,Contrast S2,0.9,0.08498583569405099,0.9375,0.15584415584415587,60,646,4,2890,0.2776203966005666,0.1926345609065156,False
Pedestrian,Contrast S3,0.01,0.9929178470254958,0.19819055696918292,0.33042658496346927,701,5,2836,58,0.9815864022662889,-0.011331444759206888,True
Pedestrian,Contrast S3,0.05,0.29745042492917845,0.3523489932885906,0.32258064516129026,210,496,386,2508,0.9050991501416431,0.6076487252124647,False
Pedestrian,Contrast S3,0.1,0.15722379603399433,0.43190661478599224,0.23052959501557632,111,595,146,2748,0.8512747875354107,0.6940509915014164,False
Pedestrian,Contrast S3,0.2,0.10906515580736544,0.5661764705882353,0.1828978622327791,77,629,59,2835,0.7252124645892352,0.6161473087818697,False
Pedestrian,Contrast S3,0.3,0.07932011331444759,0.6666666666666666,0.14177215189873418,56,650,28,2866,0.6430594900849859,0.5637393767705383,False
Pedestrian,Contrast S3,0.4,0.06657223796033994,0.6714285714285714,0.12113402061855669,47,659,23,2871,0.5835694050991501,0.5169971671388102,False
Pedestrian,Contrast S3,0.5,0.05240793201133145,0.6271186440677966,0.09673202614379087,37,669,22,2872,0.509915014164306,0.45750708215297453,False
Pedestrian,Contrast S3,0.6,0.042492917847025496,0.6,0.07936507936507937,30,676,20,2874,0.45609065155807366,0.41359773371104813,False
Pedestrian,Contrast S3,0.7,0.026912181303116147,0.8636363636363636,0.0521978021978022,19,687,3,2891,0.4093484419263456,0.3824362606232295,False
Pedestrian,Contrast S3,0.8,0.0169971671388102,1.0,0.033426183844011144,12,694,0,2894,0.35410764872521244,0.3371104815864022,False
Pedestrian,Contrast S3,0.9,0.012747875354107648,1.0,0.025174825174825173,9,697,0,2894,0.2776203966005666,0.26487252124645894,False
Pedestrian,Noise S1,0.01,0.9844192634560907,0.202211230724469,0.3355056722181994,695,11,2742,152,0.9815864022662889,-0.0028328611898017497,True
Pedestrian,Noise S1,0.05,0.9150141643059491,0.2316242380781642,0.36967095851216025,646,60,2143,751,0.9050991501416431,-0.009915014164305958,True
Pedestrian,Noise S1,0.1,0.8555240793201133,0.25517532741867344,0.3931012040351448,604,102,1763,1131,0.8512747875354107,-0.004249291784702569,True
Pedestrian,Noise S1,0.2,0.7337110481586402,0.2915025323579066,0.41723721304873135,518,188,1259,1635,0.7252124645892352,-0.008498583569405027,True
Pedestrian,Noise S1,0.3,0.6189801699716714,0.31828113619810633,0.4203944203944204,437,269,936,1958,0.6430594900849859,0.024079320113314484,True
Pedestrian,Noise S1,0.4,0.5226628895184136,0.3300536672629696,0.4046052631578947,369,337,749,2145,0.5835694050991501,0.060906515580736564,True
Pedestrian,Noise S1,0.5,0.4447592067988669,0.34543454345434543,0.38885448916408666,314,392,595,2299,0.509915014164306,0.06515580736543908,True
Pedestrian,Noise S1,0.6,0.3881019830028329,0.3789764868603043,0.38348495451364584,274,432,449,2445,0.45609065155807366,0.06798866855524077,True
Pedestrian,Noise S1,0.7,0.3385269121813031,0.4314079422382672,0.3793650793650793,239,467,315,2579,0.4093484419263456,0.07082152974504252,True
Pedestrian,Noise S1,0.8,0.29603399433427763,0.5072815533980582,0.3738819320214669,209,497,203,2691,0.35410764872521244,0.058073654390934815,True
Pedestrian,Noise S1,0.9,0.22662889518413598,0.5574912891986062,0.3222557905337361,160,546,127,2767,0.2776203966005666,0.05099150141643061,True
Pedestrian,Noise S2,0.01,1.0,0.19611111111111112,0.32791453785415703,706,0,2894,0,0.9815864022662889,-0.018413597733711096,True
Pedestrian,Noise S2,0.05,0.9929178470254958,0.1979107848673066,0.3300376647834275,701,5,2841,53,0.9050991501416431,-0.08781869688385269,True
Pedestrian,Noise S2,0.1,0.9716713881019831,0.2063157894736842,0.34036219300421733,686,20,2639,255,0.8512747875354107,-0.12039660056657231,True
Pedestrian,Noise S2,0.2,0.8512747875354107,0.22375279225614297,0.35436320754716977,601,105,2085,809,0.7252124645892352,-0.1260623229461756,True
Pedestrian,Noise S2,0.3,0.6912181303116147,0.24412206103051526,0.3608133086876155,488,218,1511,1383,0.6430594900849859,-0.04815864022662886,True
Pedestrian,Noise S2,0.4,0.5524079320113314,0.26822558459422285,0.3611111111111111,390,316,1064,1830,0.5835694050991501,0.031161473087818692,True
Pedestrian,Noise S2,0.5,0.4475920679886686,0.29699248120300753,0.3570621468926554,316,390,748,2146,0.509915014164306,0.062322946175637384,True
Pedestrian,Noise S2,0.6,0.3526912181303116,0.3254901960784314,0.33854520734194427,249,457,516,2378,0.45609065155807366,0.10339943342776203,False
Pedestrian,Noise S2,0.7,0.29461756373937675,0.37076648841354726,0.32833464877663776,208,498,353,2541,0.4093484419263456,0.11473087818696887,False
Pedestrian,Noise S2,0.8,0.23371104815864022,0.42857142857142855,0.302474793767186,165,541,220,2674,0.35410764872521244,0.12039660056657223,False
Pedestrian,Noise S2,0.9,0.14305949008498584,0.48792270531400966,0.22124863088718513,101,605,106,2788,0.2776203966005666,0.13456090651558075,False
Pedestrian,Noise S3,0.01,1.0,0.19611111111111112,0.32791453785415703,706,0,2894,0,0.9815864022662889,-0.018413597733711096,True
Pedestrian,Noise S3,0.05,1.0,0.19611111111111112,0.32791453785415703,706,0,2894,0,0.9050991501416431,-0.0949008498583569,True
Pedestrian,Noise S3,0.1,1.0,0.19616560155598778,0.32799070847851336,706,0,2893,1,0.8512747875354107,-0.14872521246458925,True
Pedestrian,Noise S3,0.2,0.9830028328611898,0.19693530079455165,0.3281323877068558,694,12,2830,64,0.7252124645892352,-0.2577903682719547,True
Pedestrian,Noise S3,0.3,0.9065155807365439,0.20106817467797675,0.32913345332990485,640,66,2543,351,0.6430594900849859,-0.26345609065155806,True
Pedestrian,Noise S3,0.4,0.7620396600566572,0.20692307692307693,0.3254688445251059,538,168,2062,832,0.5835694050991501,-0.17847025495750712,True
Pedestrian,Noise S3,0.5,0.6189801699716714,0.22004028197381673,0.32466567607726593,437,269,1549,1345,0.509915014164306,-0.10906515580736542,True
Pedestrian,Noise S3,0.6,0.45609065155807366,0.22983583154889364,0.3056478405315614,322,384,1079,1815,0.45609065155807366,0.0,True
Pedestrian,Noise S3,0.7,0.32152974504249293,0.2402116402116402,0.274984857662023,227,479,718,2176,0.4093484419263456,0.08781869688385269,True
Pedestrian,Noise S3,0.8,0.22662889518413598,0.272572402044293,0.24748646558391338,160,546,427,2467,0.35410764872521244,0.12747875354107646,False
Pedestrian,Noise S3,0.9,0.12181303116147309,0.31970260223048325,0.1764102564102564,86,620,183,2711,0.2776203966005666,0.15580736543909351,False
Vehicle,Clean,0.01,1.0,0.7512520868113522,0.857959961868446,2700,0,894,6,1.0,0.0,True
Vehicle,Clean,0.05,0.9992592592592593,0.7591446257737761,0.8628078030060763,2698,2,856,44,0.9992592592592593,0.0,True
Vehicle,Clean,0.1,0.9911111111111112,0.766981943250215,0.864760058167717,2676,24,813,87,0.9911111111111112,0.0,True
Vehicle,Clean,0.2,0.9844444444444445,0.7854609929078015,0.873767258382643,2658,42,726,174,0.9844444444444445,0.0,True
Vehicle,Clean,0.3,0.9785185185185186,0.8027955028866606,0.8819896511433818,2642,58,649,251,0.9785185185185186,0.0,True
Vehicle,Clean,0.4,0.9744444444444444,0.8125386040765905,0.8861569552037724,2631,69,607,293,0.9744444444444444,0.0,True
Vehicle,Clean,0.5,0.9651851851851851,0.8241619228336496,0.8891163425452064,2606,94,556,344,0.9651851851851851,0.0,True
Vehicle,Clean,0.6,0.9607407407407408,0.8373143963847643,0.8947913073473611,2594,106,504,396,0.9607407407407408,0.0,True
Vehicle,Clean,0.7,0.9477777777777778,0.8712972420837589,0.9079297498669506,2559,141,378,522,0.9477777777777778,0.0,True
Vehicle,Clean,0.8,0.9288888888888889,0.9080376538740044,0.9183449285975832,2508,192,254,646,0.9288888888888889,0.0,True
Vehicle,Clean,0.9,0.8844444444444445,0.951394422310757,0.9166986564299424,2388,312,122,778,0.8844444444444445,0.0,True
Vehicle,Blur S1,0.01,0.9733333333333334,0.7946779558512247,0.8749791909438989,2628,72,679,221,1.0,0.026666666666666616,True
Vehicle,Blur S1,0.05,0.8974074074074074,0.8804505813953488,0.8888481291269259,2423,277,329,571,0.9992592592592593,0.10185185185185186,False
Vehicle,Blur S1,0.1,0.8425925925925926,0.9308510638297872,0.88452566096423,2275,425,169,731,0.9911111111111112,0.1485185185185186,False
Vehicle,Blur S1,0.2,0.7918518518518518,0.9523385300668151,0.8647118301314459,2138,562,107,793,0.9844444444444445,0.19259259259259265,False
Vehicle,Blur S1,0.3,0.7548148148148148,0.9631379962192816,0.8463455149501662,2038,662,78,822,0.9785185185185186,0.22370370370370374,False
Vehicle,Blur S1,0.4,0.7151851851851851,0.9772267206477733,0.8259195893926433,1931,769,45,855,0.9744444444444444,0.2592592592592593,False
Vehicle,Blur S1,0.5,0.6825925925925926,0.9829333333333333,0.8056830601092898,1843,857,32,868,0.9651851851851851,0.2825925925925925,False
Vehicle,Blur S1,0.6,0.6574074074074074,0.9839246119733924,0.7881882770870338,1775,925,29,871,0.9607407407407408,0.30333333333333334,False
Vehicle,Blur S1,0.7,0.6229629629629629,0.9853544229642648,0.7633310642160199,1682,1018,25,875,0.9477777777777778,0.3248148148148149,False
Vehicle,Blur S1,0.8,0.5677777777777778,0.9903100775193798,0.7217514124293787,1533,1167,15,885,0.9288888888888889,0.36111111111111105,False
Vehicle,Blur S1,0.9,0.47185185185185186,0.9960906958561376,0.640361899974868,1274,1426,5,895,0.8844444444444445,0.4125925925925926,False
Vehicle,Blur S2,0.01,0.7277777777777777,0.9046961325966851,0.8066502463054187,1965,735,207,693,1.0,0.27222222222222225,False
Vehicle,Blur S2,0.05,0.3781481481481481,0.9903006789524733,0.5473063521844009,1021,1679,10,890,0.9992592592592593,0.6211111111111112,False
Vehicle,Blur S2,0.1,0.26,0.9901269393511989,0.4118509826928718,702,1998,7,893,0.9911111111111112,0.7311111111111112,False
Vehicle,Blur S2,0.2,0.20185185185185187,0.990909090909091,0.3353846153846154,545,2155,5,895,0.9844444444444445,0.7825925925925926,False
Vehicle,Blur S2,0.3,0.1751851851851852,0.9916142557651991,0.2977651872836009,473,2227,4,896,0.9785185185185186,0.8033333333333333,False
Vehicle,Blur S2,0.4,0.14962962962962964,0.9926289926289926,0.2600579336981011,404,2296,3,897,0.9744444444444444,0.8248148148148148,False
Vehicle,Blur S2,0.5,0.13148148148148148,0.9916201117318436,0.23217789404839767,355,2345,3,897,0.9651851851851851,0.8337037037037036,False
Vehicle,Blur S2,0.6,0.11333333333333333,0.9935064935064936,0.2034574468085106,306,2394,2,898,0.9607407407407408,0.8474074074074075,False
Vehicle,Blur S2,0.7,0.0962962962962963,1.0,0.17567567567567569,260,2440,0,900,0.9477777777777778,0.8514814814814815,False
Vehicle,Blur S2,0.8,0.07555555555555556,1.0,0.14049586776859505,204,2496,0,900,0.9288888888888889,0.8533333333333333,False
Vehicle,Blur S2,0.9,0.05814814814814815,1.0,0.10990549527476375,157,2543,0,900,0.8844444444444445,0.8262962962962963,False
Vehicle,Blur S3,0.01,0.35555555555555557,0.963855421686747,0.5194805194805194,960,1740,36,864,1.0,0.6444444444444444,False
Vehicle,Blur S3,0.05,0.10592592592592592,0.9896193771626297,0.19136835061893612,286,2414,3,897,0.9992592592592593,0.8933333333333333,False
Vehicle,Blur S3,0.1,0.06703703703703703,1.0,0.1256508156889969,181,2519,0,900,0.9911111111111112,0.9240740740740742,False
Vehicle,Blur S3,0.2,0.04814814814814815,1.0,0.09187279151943464,130,2570,0,900,0.9844444444444445,0.9362962962962963,False
Vehicle,Blur S3,0.3,0.04037037037037037,1.0,0.07760768956924172,109,2591,0,900,0.9785185185185186,0.9381481481481482,False
Vehicle,Blur S3,0.4,0.037037037037037035,1.0,0.07142857142857142,100,2600,0,900,0.9744444444444444,0.9374074074074075,False
Vehicle,Blur S3,0.5,0.032962962962962965,1.0,0.06382215847974185,89,2611,0,900,0.9651851851851851,0.9322222222222222,False
Vehicle,Blur S3,0.6,0.030740740740740742,1.0,0.05964786201940352,83,2617,0,900,0.9607407407407408,0.93,False
Vehicle,Blur S3,0.7,0.02851851851851852,1.0,0.05545552754771336,77,2623,0,900,0.9477777777777778,0.9192592592592593,False
Vehicle,Blur S3,0.8,0.027777777777777776,1.0,0.05405405405405406,75,2625,0,900,0.9288888888888889,0.9011111111111111,False
Vehicle,Blur S3,0.9,0.01888888888888889,1.0,0.03707742639040349,51,2649,0,900,0.8844444444444445,0.8655555555555556,False
Vehicle,Brightness S1,0.01,1.0,0.7541899441340782,0.8598726114649682,2700,0,880,20,1.0,0.0,True
Vehicle,Brightness S1,0.05,0.9833333333333333,0.7982561635598316,0.8811815466312645,2655,45,671,229,0.9992592592592593,0.01592592592592601,True
Vehicle,Brightness S1,0.1,0.9707407407407408,0.818039950062422,0.8878726287262874,2621,79,583,317,0.9911111111111112,0.020370370370370372,True
Vehicle,Brightness S1,0.2,0.9477777777777778,0.8351827676240209,0.8879250520471894,2559,141,505,395,0.9844444444444445,0.036666666666666625,True
Vehicle,Brightness S1,0.3,0.9281481481481482,0.8698368622006248,0.8980469449919369,2506,194,375,525,0.9785185185185186,0.0503703703703704,True
Vehicle,Brightness S1,0.4,0.9137037037037037,0.891257225433526,0.9023408924652523,2467,233,301,599,0.9744444444444444,0.06074074074074076,True
Vehicle,Brightness S1,0.5,0.8988888888888888,0.9214123006833713,0.9100112485939257,2427,273,207,693,0.9651851851851851,0.0662962962962963,True
Vehicle,Brightness S1,0.6,0.8814814814814815,0.9340659340659341,0.9070121951219512,2380,320,168,732,0.9607407407407408,0.07925925925925925,True
Vehicle,Brightness S1,0.7,0.8607407407407407,0.9548069022185702,0.9053369692247759,2324,376,110,790,0.9477777777777778,0.08703703703703713,True
Vehicle,Brightness S1,0.8,0.8218518518518518,0.972818939061815,0.8909857458341698,2219,481,62,838,0.9288888888888889,0.10703703703703704,False
Vehicle,Brightness S1,0.9,0.7755555555555556,0.982637259502581,0.8669012626785345,2094,606,37,863,0.8844444444444445,0.10888888888888892,False
Vehicle,Brightness S2,0.01,0.9914814814814815,0.7732524552281917,0.8688737422914639,2677,23,785,115,1.0,0.00851851851851848,True
Vehicle,Brightness S2,0.05,0.8574074074074074,0.8768939393939394,0.8670411985018727,2315,385,325,575,0.9992592592592593,0.1418518518518519,False
Vehicle,Brightness S2,0.1,0.7644444444444445,0.9239033124440466,0.83664369679773,2064,636,170,730,0.9911111111111112,0.22666666666666668,False
Vehicle,Brightness S2,0.2,0.6748148148148149,0.9774678111587983,0.7984224364592464,1822,878,42,858,0.9844444444444445,0.3096296296296296,False
Vehicle,Brightness S2,0.3,0.6074074074074074,0.98676293622142,0.7519486474094453,1640,1060,22,878,0.9785185185185186,0.37111111111111117,False
Vehicle,Brightness S2,0.4,0.5551851851851852,0.9920582395764395,0.7119449061980527,1499,1201,12,888,0.9744444444444444,0.4192592592592592,False
Vehicle,Brightness S2,0.5,0.5085185185185185,0.994927536231884,0.6730392156862745,1373,1327,7,893,0.9651851851851851,0.45666666666666667,False
Vehicle,Brightness S2,0.6,0.45666666666666667,0.9951573849878934,0.6260472201066261,1233,1467,6,894,0.9607407407407408,0.5040740740740741,False
Vehicle,Brightness S2,0.7,0.40703703703703703,0.9990909090909091,0.578421052631579,1099,1601,1,899,0.9477777777777778,0.5407407407407407,False
Vehicle,Brightness S2,0.8,0.34629629629629627,1.0,0.514442916093535,935,1765,0,900,0.9288888888888889,0.5825925925925926,False
Vehicle,Brightness S2,0.9,0.2611111111111111,1.0,0.4140969162995595,705,1995,0,900,0.8844444444444445,0.6233333333333333,False
Vehicle,Brightness S3,0.01,1.0,0.75,0.8571428571428571,2700,0,900,0,1.0,0.0,True
Vehicle,Brightness S3,0.05,0.997037037037037,0.756392245012644,0.8602013101134367,2692,8,867,33,0.9992592592592593,0.0022222222222222365,True
Vehicle,Brightness S3,0.1,0.92,0.795134443021767,0.853021978021978,2484,216,640,260,0.9911111111111112,0.07111111111111112,True
Vehicle,Brightness S3,0.2,0.6066666666666667,0.8443298969072165,0.7060344827586208,1638,1062,302,598,0.9844444444444445,0.37777777777777777,False
Vehicle,Brightness S3,0.3,0.24962962962962962,0.9683908045977011,0.39693757361601884,674,2026,22,878,0.9785185185185186,0.7288888888888889,False
Vehicle,Brightness S3,0.4,0.056666666666666664,1.0,0.10725552050473186,153,2547,0,900,0.9744444444444444,0.9177777777777778,False
Vehicle,Brightness S3,0.5,0.014814814814814815,1.0,0.029197080291970802,40,2660,0,900,0.9651851851851851,0.9503703703703703,False
Vehicle,Brightness S3,0.6,0.008148148148148147,1.0,0.016164584864070533,22,2678,0,900,0.9607407407407408,0.9525925925925927,False
Vehicle,Brightness S3,0.7,0.002962962962962963,1.0,0.005908419497784342,8,2692,0,900,0.9477777777777778,0.9448148148148149,False
Vehicle,Brightness S3,0.8,0.0,0.0,0.0,0,2700,0,900,0.9288888888888889,0.9288888888888889,False
Vehicle,Brightness S3,0.9,0.0,0.0,0.0,0,2700,0,900,0.8844444444444445,0.8844444444444445,False
Vehicle,Contrast S1,0.01,1.0,0.7522986904430203,0.8586420734615997,2700,0,889,11,1.0,0.0,True
Vehicle,Contrast S1,0.05,0.9981481481481481,0.7632398753894081,0.8650296902583855,2695,5,836,64,0.9992592592592593,0.0011111111111111738,True
Vehicle,Contrast S1,0.1,0.99,0.7793002915451895,0.8721044045676998,2673,27,757,143,0.9911111111111112,0.0011111111111111738,True
Vehicle,Contrast S1,0.2,0.9803703703703703,0.8065204143814747,0.8849882982280175,2647,53,635,265,0.9844444444444445,0.004074074074074119,True
Vehicle,Contrast S1,0.3,0.9718518518518519,0.8154133001864512,0.8867860763771546,2624,76,594,306,0.9785185185185186,0.00666666666666671,True
Vehicle,Contrast S1,0.4,0.96,0.8273220555378231,0.8887364992285273,2592,108,541,359,0.9744444444444444,0.014444444444444482,True
Vehicle,Contrast S1,0.5,0.9503703703703704,0.8454695222405272,0.8948561464690498,2566,134,469,431,0.9651851851851851,0.014814814814814725,True
Vehicle,Contrast S1,0.6,0.9403703703703704,0.8749138525155066,0.9064619778650482,2539,161,363,537,0.9607407407407408,0.020370370370370372,True
Vehicle,Contrast S1,0.7,0.9218518518518518,0.9054201527828302,0.9135621214901817,2489,211,260,640,0.9477777777777778,0.02592592592592602,True
Vehicle,Contrast S1,0.8,0.8951851851851852,0.9314065510597302,0.9129367327667611,2417,283,178,722,0.9288888888888889,0.03370370370370368,True
Vehicle,Contrast S1,0.9,0.84,0.9733905579399141,0.9017892644135189,2268,432,62,838,0.8844444444444445,0.04444444444444451,True
Vehicle,Contrast S2,0.01,1.0,0.7531380753138075,0.8591885441527446,2700,0,885,15,1.0,0.0,True
Vehicle,Contrast S2,0.05,0.9907407407407407,0.7851482242442032,0.8760438840674636,2675,25,732,168,0.9992592592592593,0.008518518518518592,True
Vehicle,Contrast S2,0.1,0.9711111111111111,0.8145386766076421,0.8859604662949823,2622,78,597,303,0.9911111111111112,0.020000000000000018,True
Vehicle,Contrast S2,0.2,0.9148148148148149,0.8786908573461402,0.8963890401016149,2470,230,341,559,0.9844444444444445,0.0696296296296296,True
Vehicle,Contrast S2,0.3,0.8774074074074074,0.912557781201849,0.8946374622356495,2369,331,227,673,0.9785185185185186,0.10111111111111115,False
Vehicle,Contrast S2,0.4,0.8437037037037037,0.9339893398933989,0.8865538042420705,2278,422,161,739,0.9744444444444444,0.1307407407407407,False
Vehicle,Contrast S2,0.5,0.8033333333333333,0.956771063078959,0.873364203744715,2169,531,98,802,0.9651851851851851,0.1618518518518518,False
Vehicle,Contrast S2,0.6,0.7577777777777778,0.9646393210749646,0.8487865588052271,2046,654,75,825,0.9607407407407408,0.202962962962963,False
Vehicle,Contrast S2,0.7,0.6996296296296296,0.9762273901808786,0.8151024811218986,1889,811,46,854,0.9477777777777778,0.24814814814814823,False
Vehicle,Contrast S2,0.8,0.6270370370370371,0.9837303893085415,0.7658900701198824,1693,1007,28,872,0.9288888888888889,0.3018518518518518,False
Vehicle,Contrast S2,0.9,0.51,0.9942238267148015,0.6741738066095472,1377,1323,8,892,0.8844444444444445,0.37444444444444447,False
Vehicle,Contrast S3,0.01,1.0,0.7522986904430203,0.8586420734615997,2700,0,889,11,1.0,0.0,True
Vehicle,Contrast S3,0.05,0.9296296296296296,0.828656322218554,0.8762436725432012,2510,190,519,381,0.9992592592592593,0.06962962962962971,True
Vehicle,Contrast S3,0.1,0.6092592592592593,0.9486735870818915,0.7419936851601263,1645,1055,89,811,0.9911111111111112,0.3818518518518519,False
Vehicle,Contrast S3,0.2,0.3314814814814815,0.988950276243094,0.4965325936199723,895,1805,10,890,0.9844444444444445,0.652962962962963,False
Vehicle,Contrast S3,0.3,0.21925925925925926,0.9966329966329966,0.35944140862173646,592,2108,2,898,0.9785185185185186,0.7592592592592593,False
Vehicle,Contrast S3,0.4,0.1625925925925926,0.9977272727272727,0.27961783439490445,439,2261,1,899,0.9744444444444444,0.8118518518518518,False
Vehicle,Contrast S3,0.5,0.12111111111111111,1.0,0.21605550049554012,327,2373,0,900,0.9651851851851851,0.844074074074074,False
Vehicle,Contrast S3,0.6,0.09111111111111111,1.0,0.16700610997963342,246,2454,0,900,0.9607407407407408,0.8696296296296296,False
Vehicle,Contrast S3,0.7,0.06888888888888889,1.0,0.12889812889812888,186,2514,0,900,0.9477777777777778,0.8788888888888889,False
Vehicle,Contrast S3,0.8,0.05296296296296296,1.0,0.10059795990151249,143,2557,0,900,0.9288888888888889,0.8759259259259259,False
Vehicle,Contrast S3,0.9,0.025555555555555557,1.0,0.04983748645720477,69,2631,0,900,0.8844444444444445,0.8588888888888889,False
Vehicle,Noise S1,0.01,1.0,0.75,0.8571428571428571,2700,0,900,0,1.0,0.0,True
Vehicle,Noise S1,0.05,0.9996296296296296,0.7503475118154017,0.8572336033031602,2699,1,898,2,0.9992592592592593,-0.00037037037037035425,True
Vehicle,Noise S1,0.1,0.9996296296296296,0.7520200612984118,0.8583240578788361,2699,1,890,10,0.9911111111111112,-0.00851851851851848,True
Vehicle,Noise S1,0.2,0.9981481481481481,0.7555368657134848,0.8600606350726026,2695,5,872,28,0.9844444444444445,-0.013703703703703662,True
Vehicle,Noise S1,0.3,0.9944444444444445,0.7578323454699407,0.8601633829889477,2685,15,858,42,0.9785185185185186,-0.0159259259259259,True
Vehicle,Noise S1,0.4,0.9922222222222222,0.7632478632478632,0.8628019323671497,2679,21,831,69,0.9744444444444444,-0.01777777777777778,True
Vehicle,Noise S1,0.5,0.9892592592592593,0.7692972350230415,0.8655217109526896,2671,29,801,99,0.9651851851851851,-0.024074074074074137,True
Vehicle,Noise S1,0.6,0.9859259259259259,0.779502196193265,0.8706459525756337,2662,38,753,147,0.9607407407407408,-0.02518518518518509,True
Vehicle,Noise S1,0.7,0.98,0.7915046365539934,0.8757239781565447,2646,54,697,203,0.9477777777777778,-0.03222222222222215,True
Vehicle,Noise S1,0.8,0.9692592592592593,0.823992443324937,0.8907420013614703,2617,83,559,341,0.9288888888888889,-0.04037037037037039,True
Vehicle,Noise S1,0.9,0.9318518518518518,0.899856938483548,0.9155749636098982,2516,184,280,620,0.8844444444444445,-0.04740740740740734,True
Vehicle,Noise S2,0.01,1.0,0.75,0.8571428571428571,2700,0,900,0,1.0,0.0,True
Vehicle,Noise S2,0.05,1.0,0.75,0.8571428571428571,2700,0,900,0,0.9992592592592593,-0.0007407407407407085,True
Vehicle,Noise S2,0.1,1.0,0.75,0.8571428571428571,2700,0,900,0,0.9911111111111112,-0.008888888888888835,True
Vehicle,Noise S2,0.2,1.0,0.75,0.8571428571428571,2700,0,900,0,0.9844444444444445,-0.015555555555555545,True
Vehicle,Noise S2,0.3,1.0,0.75,0.8571428571428571,2700,0,900,0,0.9785185185185186,-0.021481481481481435,True
Vehicle,Noise S2,0.4,1.0,0.75,0.8571428571428571,2700,0,900,0,0.9744444444444444,-0.025555555555555554,True
Vehicle,Noise S2,0.5,1.0,0.75,0.8571428571428571,2700,0,900,0,0.9651851851851851,-0.034814814814814854,True
Vehicle,Noise S2,0.6,1.0,0.75,0.8571428571428571,2700,0,900,0,0.9607407407407408,-0.039259259259259216,True
Vehicle,Noise S2,0.7,1.0,0.75,0.8571428571428571,2700,0,900,0,0.9477777777777778,-0.05222222222222217,True
Vehicle,Noise S2,0.8,1.0,0.75,0.8571428571428571,2700,0,900,0,0.9288888888888889,-0.07111111111111112,True
Vehicle,Noise S2,0.9,0.9996296296296296,0.7499305362600722,0.8569614224480077,2699,1,900,0,0.8844444444444445,-0.11518518518518517,True
Vehicle,Noise S3,0.01,1.0,0.75,0.8571428571428571,2700,0,900,0,1.0,0.0,True
Vehicle,Noise S3,0.05,1.0,0.75,0.8571428571428571,2700,0,900,0,0.9992592592592593,-0.0007407407407407085,True
Vehicle,Noise S3,0.1,1.0,0.75,0.8571428571428571,2700,0,900,0,0.9911111111111112,-0.008888888888888835,True
Vehicle,Noise S3,0.2,1.0,0.75,0.8571428571428571,2700,0,900,0,0.9844444444444445,-0.015555555555555545,True
Vehicle,Noise S3,0.3,1.0,0.75,0.8571428571428571,2700,0,900,0,0.9785185185185186,-0.021481481481481435,True
Vehicle,Noise S3,0.4,1.0,0.75,0.8571428571428571,2700,0,900,0,0.9744444444444444,-0.025555555555555554,True
Vehicle,Noise S3,0.5,1.0,0.75,0.8571428571428571,2700,0,900,0,0.9651851851851851,-0.034814814814814854,True
Vehicle,Noise S3,0.6,1.0,0.75,0.8571428571428571,2700,0,900,0,0.9607407407407408,-0.039259259259259216,True
Vehicle,Noise S3,0.7,1.0,0.75,0.8571428571428571,2700,0,900,0,0.9477777777777778,-0.05222222222222217,True
Vehicle,Noise S3,0.8,1.0,0.75,0.8571428571428571,2700,0,900,0,0.9288888888888889,-0.07111111111111112,True
Vehicle,Noise S3,0.9,1.0,0.75,0.8571428571428571,2700,0,900,0,0.8844444444444445,-0.11555555555555552,True
Traffic Light,Clean,0.01,0.9984520123839009,0.8701517706576728,0.929897278788971,2580,4,385,631,0.9984520123839009,0.0,True
Traffic Light,Clean,0.05,0.9969040247678018,0.9016450822541127,0.9468847638301783,2576,8,281,735,0.9969040247678018,0.0,True
Traffic Light,Clean,0.1,0.9941950464396285,0.9152119700748129,0.9530699313670933,2569,15,238,778,0.9941950464396285,0.0,True
Traffic Light,Clean,0.2,0.9914860681114551,0.9249097472924188,0.9570414643257378,2562,22,208,808,0.9914860681114551,0.0,True
Traffic Light,Clean,0.3,0.9880030959752322,0.9297159504734159,0.9579737335834897,2553,31,193,823,0.9880030959752322,0.0,True
Traffic Light,Clean,0.4,0.9852941176470589,0.9322592456975467,0.9580432737535278,2546,38,185,831,0.9852941176470589,0.0,True
Traffic Light,Clean,0.5,0.9841331269349846,0.9349264705882353,0.9588989441930619,2543,41,177,839,0.9841331269349846,0.0,True
Traffic Light,Clean,0.6,0.9837461300309598,0.9366249078850405,0.9596073990184975,2542,42,172,844,0.9837461300309598,0.0,True
Traffic Light,Clean,0.7,0.9825851393188855,0.9386321626617375,0.9601058801285687,2539,45,166,850,0.9825851393188855,0.0,True
Traffic Light,Clean,0.8,0.9802631578947368,0.9423363095238095,0.9609256449165401,2533,51,155,861,0.9802631578947368,0.0,True
Traffic Light,Clean,0.9,0.9767801857585139,0.9499435453519006,0.9631749666094257,2524,60,133,883,0.9767801857585139,0.0,True
Traffic Light,Blur S1,0.01,0.9972910216718266,0.9032597266035752,0.9479492367114217,2577,7,276,740,0.9984520123839009,0.0011609907120743168,True
Traffic Light,Blur S1,0.05,0.9887770897832817,0.9311224489795918,0.9590840840840842,2555,29,189,827,0.9969040247678018,0.008126934984520107,True
Traffic Light,Blur S1,0.1,0.9837461300309598,0.9411329137356534,0.9619678334910123,2542,42,159,857,0.9941950464396285,0.01044891640866874,True
Traffic Light,Blur S1,0.2,0.9779411764705882,0.952865761689291,0.9652406417112299,2527,57,125,891,0.9914860681114551,0.013544891640866918,True
Traffic Light,Blur S1,0.3,0.9729102167182663,0.955893536121673,0.9643268124280783,2514,70,116,900,0.9880030959752322,0.015092879256965896,True
Traffic Light,Blur S1,0.4,0.9674922600619195,0.9582215408202377,0.962834585018294,2500,84,109,907,0.9852941176470589,0.017801857585139413,True
Traffic Light,Blur S1,0.5,0.9613003095975232,0.9609284332688588,0.9611143354614046,2484,100,101,915,0.9841331269349846,0.022832817337461342,True
Traffic Light,Blur S1,0.6,0.9531733746130031,0.966640502354788,0.9598597038191737,2463,121,85,931,0.9837461300309598,0.030572755417956676,True
Traffic Light,Blur S1,0.7,0.9458204334365325,0.9683042789223455,0.9569303054032889,2444,140,80,936,0.9825851393188855,0.03676470588235292,True
Traffic Light,Blur S1,0.8,0.9373065015479877,0.975825946817083,0.9561784445321754,2422,162,60,956,0.9802631578947368,0.04295665634674917,True
Traffic Light,Blur S1,0.9,0.9129256965944272,0.9764072847682119,0.9436,2359,225,57,959,0.9767801857585139,0.06385448916408665,True
Traffic Light,Blur S2,0.01,0.9462074303405573,0.902547065337763,0.9238617041375402,2445,139,264,752,0.9984520123839009,0.05224458204334359,True
Traffic Light,Blur S2,0.05,0.8691950464396285,0.9622964867180805,0.9133794225294836,2246,338,88,928,0.9969040247678018,0.1277089783281733,False
Traffic Light,Blur S2,0.1,0.7693498452012384,0.9711773326819736,0.8585618656877564,1988,596,59,957,0.9941950464396285,0.22484520123839014,False
Traffic Light,Blur S2,0.2,0.6288699690402477,0.984251968503937,0.7674144037780403,1625,959,26,990,0.9914860681114551,0.3626160990712074,False
Traffic Light,Blur S2,0.3,0.5081269349845201,0.9857357357357357,0.670582226762002,1313,1271,19,997,0.9880030959752322,0.47987616099071206,False
Traffic Light,Blur S2,0.4,0.4338235294117647,0.9876651982378855,0.6028502285560634,1121,1463,14,1002,0.9852941176470589,0.5514705882352942,False
Traffic Light,Blur S2,0.5,0.37267801857585137,0.9876923076923076,0.5411632481033998,963,1621,12,1004,0.9841331269349846,0.6114551083591332,False
Traffic Light,Blur S2,0.6,0.30108359133126933,0.9961587708066582,0.46240713224368496,778,1806,3,1013,0.9837461300309598,0.6826625386996905,False
Traffic Light,Blur S2,0.7,0.24729102167182662,0.9968798751950078,0.39627906976744187,639,1945,2,1014,0.9825851393188855,0.7352941176470589,False
Traffic Light,Blur S2,0.8,0.18304953560371517,0.9978902953586498,0.3093525179856115,473,2111,1,1015,0.9802631578947368,0.7972136222910217,False
Traffic Light,Blur S2,0.9,0.10835913312693499,0.99644128113879,0.1954624781849913,280,2304,1,1015,0.9767801857585139,0.8684210526315789,False
Traffic Light,Blur S3,0.01,0.8912538699690402,0.8377591851582393,0.863678979936246,2303,281,446,570,0.9984520123839009,0.1071981424148607,False
Traffic Light,Blur S3,0.05,0.528250773993808,0.9592410400562192,0.6813077115048665,1365,1219,58,958,0.9969040247678018,0.4686532507739938,False
Traffic Light,Blur S3,0.1,0.2356811145510836,0.9712918660287081,0.37932108377452506,609,1975,18,998,0.9941950464396285,0.758513931888545,False
Traffic Light,Blur S3,0.2,0.09404024767801858,0.9878048780487805,0.1717314487632509,243,2341,3,1013,0.9914860681114551,0.8974458204334366,False
Traffic Light,Blur S3,0.3,0.058823529411764705,1.0,0.1111111111111111,152,2432,0,1016,0.9880030959752322,0.9291795665634675,False
Traffic Light,Blur S3,0.4,0.0456656346749226,1.0,0.08734270910436713,118,2466,0,1016,0.9852941176470589,0.9396284829721363,False
Traffic Light,Blur S3,0.5,0.0336687306501548,1.0,0.06514414077124672,87,2497,0,1016,0.9841331269349846,0.9504643962848298,False
Traffic Light,Blur S3,0.6,0.024380804953560372,1.0,0.04760105780128448,63,2521,0,1016,0.9837461300309598,0.9593653250773995,False
Traffic Light,Blur S3,0.7,0.016640866873065017,1.0,0.032736962314427104,43,2541,0,1016,0.9825851393188855,0.9659442724458205,False
Traffic Light,Blur S3,0.8,0.011609907120743035,1.0,0.022953328232593728,30,2554,0,1016,0.9802631578947368,0.9686532507739938,False
Traffic Light,Blur S3,0.9,0.003869969040247678,1.0,0.007710100231303006,10,2574,0,1016,0.9767801857585139,0.9729102167182662,False
Traffic Light,Brightness S1,0.01,0.9949690402476781,0.9120255409719759,0.9516935036091062,2571,13,248,768,0.9984520123839009,0.0034829721362228394,True
Traffic Light,Brightness S1,0.05,0.9880030959752322,0.9317518248175183,0.959053343350864,2553,31,187,829,0.9969040247678018,0.008900928792569651,True
Traffic Light,Brightness S1,0.1,0.9829721362229102,0.9355432780847146,0.9586714474429139,2540,44,175,841,0.9941950464396285,0.011222910216718285,True
Traffic Light,Brightness S1,0.2,0.9798761609907121,0.939517625231911,0.9592725895055882,2532,52,163,853,0.9914860681114551,0.011609907120743057,True
Traffic Light,Brightness S1,0.3,0.9744582043343654,0.9469725460699511,0.960518786954034,2518,66,141,875,0.9880030959752322,0.013544891640866807,True
Traffic Light,Brightness S1,0.4,0.9709752321981424,0.9579992363497518,0.9644435902364021,2509,75,110,906,0.9852941176470589,0.014318885448916463,True
Traffic Light,Brightness S1,0.5,0.9686532507739938,0.9586365377250096,0.9636188642925889,2503,81,108,908,0.9841331269349846,0.01547987616099078,True
Traffic Light,Brightness S1,0.6,0.9655572755417957,0.9659310878823074,0.9657441455389976,2495,89,88,928,0.9837461300309598,0.018188854489164075,True
Traffic Light,Brightness S1,0.7,0.9613003095975232,0.9676665368134009,0.9644729178800233,2484,100,83,933,0.9825851393188855,0.021284829721362253,True
Traffic Light,Brightness S1,0.8,0.9539473684210527,0.9689465408805031,0.9613884555382216,2465,119,79,937,0.9802631578947368,0.02631578947368418,True
Traffic Light,Brightness S1,0.9,0.9404024767801857,0.9759036144578314,0.9578242018131651,2430,154,60,956,0.9767801857585139,0.03637770897832815,True
Traffic Light,Brightness S2,0.01,0.4984520123839009,0.9583333333333334,0.655804480651731,1288,1296,56,960,0.9984520123839009,0.5,False
Traffic Light,Brightness S2,0.05,0.11339009287925697,0.9965986394557823,0.20361362056984017,293,2291,1,1015,0.9969040247678018,0.8835139318885449,False
Traffic Light,Brightness S2,0.1,0.033281733746130034,1.0,0.06441947565543071,86,2498,0,1016,0.9941950464396285,0.9609133126934984,False
Traffic Light,Brightness S2,0.2,0.017027863777089782,1.0,0.0334855403348554,44,2540,0,1016,0.9914860681114551,0.9744582043343654,False
Traffic Light,Brightness S2,0.3,0.010835913312693499,1.0,0.021439509954058196,28,2556,0,1016,0.9880030959752322,0.9771671826625387,False
Traffic Light,Brightness S2,0.4,0.00890092879256966,1.0,0.017644802454929037,23,2561,0,1016,0.9852941176470589,0.9763931888544892,False
Traffic Light,Brightness S2,0.5,0.006578947368421052,1.0,0.013071895424836602,17,2567,0,1016,0.9841331269349846,0.9775541795665635,False
Traffic Light,Brightness S2,0.6,0.0046439628482972135,1.0,0.009244992295839752,12,2572,0,1016,0.9837461300309598,0.9791021671826625,False
Traffic Light,Brightness S2,0.7,0.0042569659442724455,1.0,0.008477842003853564,11,2573,0,1016,0.9825851393188855,0.978328173374613,False
Traffic Light,Brightness S2,0.8,0.0030959752321981426,1.0,0.00617283950617284,8,2576,0,1016,0.9802631578947368,0.9771671826625387,False
Traffic Light,Brightness S2,0.9,0.0003869969040247678,1.0,0.0007736943907156674,1,2583,0,1016,0.9767801857585139,0.9763931888544891,False
Traffic Light,Brightness S3,0.01,0.010835913312693499,0.9032258064516129,0.02141491395793499,28,2556,3,1013,0.9984520123839009,0.9876160990712074,False
Traffic Light,Brightness S3,0.05,0.0,0.0,0.0,0,2584,0,1016,0.9969040247678018,0.9969040247678018,False
Traffic Light,Brightness S3,0.1,0.0,0.0,0.0,0,2584,0,1016,0.9941950464396285,0.9941950464396285,False
Traffic Light,Brightness S3,0.2,0.0,0.0,0.0,0,2584,0,1016,0.9914860681114551,0.9914860681114551,False
Traffic Light,Brightness S3,0.3,0.0,0.0,0.0,0,2584,0,1016,0.9880030959752322,0.9880030959752322,False
Traffic Light,Brightness S3,0.4,0.0,0.0,0.0,0,2584,0,1016,0.9852941176470589,0.9852941176470589,False
Traffic Light,Brightness S3,0.5,0.0,0.0,0.0,0,2584,0,1016,0.9841331269349846,0.9841331269349846,False
Traffic Light,Brightness S3,0.6,0.0,0.0,0.0,0,2584,0,1016,0.9837461300309598,0.9837461300309598,False
Traffic Light,Brightness S3,0.7,0.0,0.0,0.0,0,2584,0,1016,0.9825851393188855,0.9825851393188855,False
Traffic Light,Brightness S3,0.8,0.0,0.0,0.0,0,2584,0,1016,0.9802631578947368,0.9802631578947368,False
Traffic Light,Brightness S3,0.9,0.0,0.0,0.0,0,2584,0,1016,0.9767801857585139,0.9767801857585139,False
Traffic Light,Contrast S1,0.01,0.9984520123839009,0.864321608040201,0.9265577302926916,2580,4,405,611,0.9984520123839009,0.0,True
Traffic Light,Contrast S1,0.05,0.9957430340557275,0.9018576936558009,0.9464778370424867,2573,11,280,736,0.9969040247678018,0.0011609907120743168,True
Traffic Light,Contrast S1,0.1,0.9926470588235294,0.9163987138263665,0.9530001857700167,2565,19,234,782,0.9941950464396285,0.001547987616099089,True
Traffic Light,Contrast S1,0.2,0.9883900928792569,0.9260333575054387,0.9561961812055411,2554,30,204,812,0.9914860681114551,0.003095975232198178,True
Traffic Light,Contrast S1,0.3,0.9856811145510835,0.9312614259597807,0.9576988155668359,2547,37,188,828,0.9880030959752322,0.0023219814241486336,True
Traffic Light,Contrast S1,0.4,0.9841331269349846,0.9345828739434031,0.9587181903864278,2543,41,178,838,0.9852941176470589,0.0011609907120743168,True
Traffic Light,Contrast S1,0.5,0.9821981424148607,0.9389567147613762,0.9600907887270664,2538,46,165,851,0.9841331269349846,0.0019349845201238614,True
Traffic Light,Contrast S1,0.6,0.9806501547987616,0.9427083333333334,0.9613050075872533,2534,50,154,862,0.9837461300309598,0.003095975232198178,True
Traffic Light,Contrast S1,0.7,0.9775541795665634,0.9464218808542525,0.9617361507709878,2526,58,143,873,0.9825851393188855,0.0050309597523220395,True
Traffic Light,Contrast S1,0.8,0.9756191950464397,0.9488144523899135,0.9620301469185272,2521,63,136,880,0.9802631578947368,0.004643962848297156,True
Traffic Light,Contrast S1,0.9,0.9702012383900929,0.9521458412457273,0.9610887483227909,2507,77,126,890,0.9767801857585139,0.006578947368421018,True
Traffic Light,Contrast S2,0.01,0.9984520123839009,0.8309178743961353,0.9070135348918966,2580,4,525,491,0.9984520123839009,0.0,True
Traffic Light,Contrast S2,0.05,0.9918730650154799,0.8952148096402375,0.9410684780613181,2563,21,300,716,0.9969040247678018,0.0050309597523219285,True
Traffic Light,Contrast S2,0.1,0.9864551083591331,0.9228819695872557,0.9536101758323982,2549,35,213,803,0.9941950464396285,0.007739938080495445,True
Traffic Light,Contrast S2,0.2,0.9779411764705882,0.9387072808320951,0.9579226686884004,2527,57,165,851,0.9914860681114551,0.013544891640866918,True
Traffic Light,Contrast S2,0.3,0.9705882352941176,0.9457013574660633,0.957983193277311,2508,76,144,872,0.9880030959752322,0.01741486068111453,True
Traffic Light,Contrast S2,0.4,0.9671052631578947,0.9582055214723927,0.9626348228043142,2499,85,109,907,0.9852941176470589,0.018188854489164186,True
Traffic Light,Contrast S2,0.5,0.9554953560371517,0.9652071931196247,0.9603267211201868,2469,115,89,927,0.9841331269349846,0.028637770897832815,True
Traffic Light,Contrast S2,0.6,0.9434984520123839,0.9663099484740388,0.9547679655374975,2438,146,85,931,0.9837461300309598,0.04024767801857587,True
Traffic Light,Contrast S2,0.7,0.9256965944272446,0.9735449735449735,0.9490180519738147,2392,192,65,951,0.9825851393188855,0.05688854489164086,True
Traffic Light,Contrast S2,0.8,0.8974458204334366,0.9751892346509672,0.9347037484885127,2319,265,59,957,0.9802631578947368,0.08281733746130027,True
Traffic Light,Contrast S2,0.9,0.8529411764705882,0.976517501107665,0.9105556703160503,2204,380,53,963,0.9767801857585139,0.12383900928792568,False
Traffic Light,Contrast S3,0.01,1.0,0.7376534399086497,0.8490225069820929,2584,0,919,97,0.9984520123839009,-0.001547987616099089,True
Traffic Light,Contrast S3,0.05,0.9860681114551083,0.830237862495927,0.9014682469485229,2548,36,521,495,0.9969040247678018,0.010835913312693513,True
Traffic Light,Contrast S3,0.1,0.94156346749226,0.9275638581776592,0.9345112348761282,2433,151,190,826,0.9941950464396285,0.052631578947368474,True
Traffic Light,Contrast S3,0.2,0.7561919504643962,0.969727047146402,0.8497499456403566,1954,630,61,955,0.9914860681114551,0.23529411764705888,False
Traffic Light,Contrast S3,0.3,0.5986842105263158,0.98786717752235,0.7455421686746988,1547,1037,19,997,0.9880030959752322,0.38931888544891635,False
Traffic Light,Contrast S3,0.4,0.4276315789473684,0.9892569382273948,0.5971359092137261,1105,1479,12,1004,0.9852941176470589,0.5576625386996905,False
Traffic Light,Contrast S3,0.5,0.2948916408668731,0.9844961240310077,0.4538415723645027,762,1822,12,1004,0.9841331269349846,0.6892414860681115,False
Traffic Light,Contrast S3,0.6,0.18537151702786378,0.9815573770491803,0.3118489583333333,479,2105,9,1007,0.9837461300309598,0.798374613003096,False
Traffic Light,Contrast S3,0.7,0.12809597523219815,0.976401179941003,0.2264796442011632,331,2253,8,1008,0.9825851393188855,0.8544891640866873,False
Traffic Light,Contrast S3,0.8,0.07739938080495357,0.9803921568627451,0.14347202295552366,200,2384,4,1012,0.9802631578947368,0.9028637770897833,False
Traffic Light,Contrast S3,0.9,0.037925696594427245,1.0,0.07307979120059657,98,2486,0,1016,0.9767801857585139,0.9388544891640866,False
Traffic Light,Noise S1,0.01,0.9984520123839009,0.8431372549019608,0.9142452161587526,2580,4,480,536,0.9984520123839009,0.0,True
Traffic Light,Noise S1,0.05,0.9972910216718266,0.8801229508196722,0.9350507982583455,2577,7,351,665,0.9969040247678018,-0.00038699690402477227,True
Traffic Light,Noise S1,0.1,0.9961300309597523,0.8909657320872274,0.9406175771971496,2574,10,315,701,0.9941950464396285,-0.0019349845201237503,True
Traffic Light,Noise S1,0.2,0.9926470588235294,0.9102200141944642,0.9496482784154018,2565,19,253,763,0.9914860681114551,-0.0011609907120743168,True
Traffic Light,Noise S1,0.3,0.9895510835913313,0.9187926697808121,0.9528600708030558,2557,27,226,790,0.9880030959752322,-0.001547987616099089,True
Traffic Light,Noise S1,0.4,0.9876160990712074,0.9243027888446215,0.954911131898971,2552,32,209,807,0.9852941176470589,-0.0023219814241485226,True
Traffic Light,Noise S1,0.5,0.9856811145510835,0.9275309541150765,0.9557223264540338,2547,37,199,817,0.9841331269349846,-0.001547987616098978,True
Traffic Light,Noise S1,0.6,0.9852941176470589,0.9329424697691462,0.958403914925654,2546,38,183,833,0.9837461300309598,-0.001547987616099089,True
Traffic Light,Noise S1,0.7,0.9841331269349846,0.9366482504604051,0.9598037365540668,2543,41,172,844,0.9825851393188855,-0.001547987616099089,True
Traffic Light,Noise S1,0.8,0.9818111455108359,0.9424219910846954,0.9617134192570128,2537,47,155,861,0.9802631578947368,-0.001547987616099089,True
Traffic Light,Noise S1,0.9,0.9771671826625387,0.9464017991004497,0.9615384615384616,2525,59,143,873,0.9767801857585139,-0.00038699690402477227,True
Traffic Light,Noise S2,0.01,1.0,0.7704233750745378,0.8703267093297407,2584,0,770,246,0.9984520123839009,-0.001547987616099089,True
Traffic Light,Noise S2,0.05,0.9976780185758514,0.8063809821707851,0.8918872167445079,2578,6,619,397,0.9969040247678018,-0.0007739938080495445,True
Traffic Light,Noise S2,0.1,0.9961300309597523,0.8297872340425532,0.9053816391136124,2574,10,528,488,0.9941950464396285,-0.0019349845201237503,True
Traffic Light,Noise S2,0.2,0.9938080495356038,0.8514588859416445,0.9171428571428573,2568,16,448,568,0.9914860681114551,-0.0023219814241486336,True
Traffic Light,Noise S2,0.3,0.9914860681114551,0.8655405405405405,0.9242424242424242,2562,22,398,618,0.9880030959752322,-0.0034829721362229504,True
Traffic Light,Noise S2,0.4,0.9880030959752322,0.8746145940390545,0.9278575322551335,2553,31,366,650,0.9852941176470589,-0.002708978328173295,True
Traffic Light,Noise S2,0.5,0.9860681114551083,0.8844151336341548,0.9324794144556267,2548,36,333,683,0.9841331269349846,-0.0019349845201237503,True
Traffic Light,Noise S2,0.6,0.9837461300309598,0.8938115330520394,0.9366249078850406,2542,42,302,714,0.9837461300309598,0.0,True
Traffic Light,Noise S2,0.7,0.978328173374613,0.9006056287851799,0.9378593952884438,2528,56,279,737,0.9825851393188855,0.004256965944272495,True
Traffic Light,Noise S2,0.8,0.9744582043343654,0.9090252707581228,0.940605155024281,2518,66,252,764,0.9802631578947368,0.005804953560371473,True
Traffic Light,Noise S2,0.9,0.9674922600619195,0.9231905465288035,0.9448223733938019,2500,84,208,808,0.9767801857585139,0.009287925696594423,True
Traffic Light,Noise S3,0.01,1.0,0.7272727272727273,0.8421052631578948,2584,0,969,47,0.9984520123839009,-0.001547987616099089,True
Traffic Light,Noise S3,0.05,0.9988390092879257,0.745307536817788,0.8536464362493799,2581,3,882,134,0.9969040247678018,-0.0019349845201238614,True
Traffic Light,Noise S3,0.1,0.996517027863777,0.7620597810002959,0.8636592319302364,2575,9,804,212,0.9941950464396285,-0.0023219814241485226,True
Traffic Light,Noise S3,0.2,0.9938080495356038,0.7831655992680695,0.876002046733754,2568,16,711,305,0.9914860681114551,-0.0023219814241486336,True
Traffic Light,Noise S3,0.3,0.9887770897832817,0.8016943834326953,0.8854617917172067,2555,29,632,384,0.9880030959752322,-0.0007739938080495445,True
Traffic Light,Noise S3,0.4,0.9794891640866873,0.8190938511326861,0.892139584067677,2531,53,559,457,0.9852941176470589,0.005804953560371584,True
Traffic Light,Noise S3,0.5,0.9713622291021672,0.8308507116848726,0.8956289027653881,2510,74,511,505,0.9841331269349846,0.012770897832817374,True
Traffic Light,Noise S3,0.6,0.9605263157894737,0.8433571185864764,0.8981364212049936,2482,102,461,555,0.9837461300309598,0.023219814241486114,True
Traffic Light,Noise S3,0.7,0.9442724458204335,0.8540427021351068,0.8968939533174048,2440,144,417,599,0.9825851393188855,0.03831269349845201,True
Traffic Light,Noise S3,0.8,0.9218266253869969,0.8728471967753756,0.8966685488424619,2382,202,347,669,0.9802631578947368,0.05843653250773995,True
Traffic Light,Noise S3,0.9,0.8800309597523219,0.8917647058823529,0.8858589793533306,2274,310,276,740,0.9767801857585139,0.09674922600619196,True
